Degron,Match_Count,Matched_UniProtIDs
CLVDKKSGEKSK,1,P15170
XFQCNQCGAS,0,
FQCNQCGASFTQKGNLLRHIKLH,2,"Q13422, Q9UKT9"
FVCSVCGHRFTTKGNLKVHFHRH,1,Q9UJQ4
FQCKICGRAFSTKGNLKTHLGVK,0,
QCSVCGVELPDNEAVEQHRKLH,1,Q05516
VCDQCGAQFSKEDALETHRQTH,1,Q05516
LQCEICGFTCRQKASLNWHMKKH,1,Q96JP5
LQCEVCGFQCRQRASLKYHMTKH,1,Q8N554
YRCRACGRACSRLSTLIQHQKVH,1,Q6ZMY9
YQCKVCGRAFKRVSHLTVHYRIH,1,Q96NG8
LQCEQCGYQCRQRASLNWHMKKH,0,
LQCEICGFTCRQKASLNWHQRKH,1,Q9BU19
FVCPRCGRGFSQPKSLARHLRLH,1,Q6DD87
FQCPICGLVIKRKSYWKRHMVIH,1,Q17R98
CLSCDLCGCRLGEVGRR,0,
SFDCKICGKSFKR,0,
LTVYPCMICGKKFKSRG,1,P17010
HICVECGKGF,1,P17010
NEGTGKSSWW,1,Q6EUW2
AEAMNYEGSPIK,1,Q3T160
ASKQEKDGTEKR,0,
FVGRSGRGKSFT,1,Q6PF39
SWFNVRNGYGF,0,
KARDPHSGHFVA,0,
RLLHEHKGKKAR,1,A7E3S4
PYEPPEVGSDYT,1,Q29537
VRVGGPQRMI,1,O15178
