Protein,Degron,UniProtID
GSPT1,CLVDKKSGEKSK,P15170
1KZF1,XFQCNQCGAS,
IKZF3,FQCNQCGASFTQKGNLLRHIKLH,Q9UKT9
SALL4-ZF2,FVCSVCGHRFTTKGNLKVHFHRH,
SALL4-ZF4,"FQCKICGRAFSTKGNLKTHLGVK""",
ZBTB16-PLZF-ZF1,QCSVCGVELPDNEAVEQHRKLH,
ZBTB16-PLZF-ZF3,VCDQCGAQFSKEDALETHRQTH,
ZFP91,LQCEICGFTCRQKASLNWHMKKH,Q96JP5
ZNF276,LQCEVCGFQCRQRASLKYHMTKH,Q8N554
ZNF517,YRCRACGRACSRLSTLIQHQKVH,Q6ZMY9
ZNF582,YQCKVCGRAFKRVSHLTVHYRIH,Q96NG8
ZNF653,LQCEQCGYQCRQRASLNWHMKKH,Q96CK0
ZNF692,LQCEICGFTCRQKASLNWHQRKH,Q9BU19
ZNF787,FVCPRCGRGFSQPKSLARHLRLH,Q6DD87
ZNF827,FQCPICGLVIKRKSYWKRHMVIH,Q17R98
2OML,CLSCDLCGCRLGEVGRR,Q6ZI17
GFIb,SFDCKICGKSFKR,
ZFX,LTVYPCMICGKKFKSRG,P17010
XFZ,HICVECGKGF,
FOXO1,NEGTGKSSWW,Q6EUW2
NPM1,AEAMNYEGSPIK,Q3T160
HMGA,ASKQEKDGTEKR,Q4WHT9
RUNX1,FVGRSGRGKSFT,Q6PF39
YBX1,SWFNVRNGYGF,P38271
CCND3,KARDPHSGHFVA,P30281
RAF1,RLLHEHKGKKAR,A7E3S4
p53,PYEPPEVGSDYT,Q29537
TBXT,VRVGGPQRMI,O15178
