Degron,Matched_Protein_ID,Description,Full_Sequence
CLVDKKSGEKSK,KAF0032148,hypothetical protein F2P81_014438 [Scophthalmus maximus],MGEDEERFCAQTRRGRNKENGECGAPVDPDREQRYAELFEQLDLNKDGRVDISELKTGLAARGLHQREAEEIVLESDINHDGLLDFQEFSQYLRAHEKRLQLMFHSLDRNNDDKGPWIRVTDKCHGPNMTLLMALYHILSPSMDRDGTMTIDWNEWRDHFLFNPFHNMEEIVHHWKHSHMLDIGEHLTVPDEFSEQERRSGLVWRQLVAGAMAGAVSRTGTAPLDRLKVFLQVHGSMSQGINLWSGLRGMVQEGGIFSLWRGNCINVLKIAPESAIKFMAYEQIKWVIRGNKEGCSLRVQERFIAGSLAGTIAQTIIYPMEVLKTRLTLRKTGQYLGMADCAKQILKTEGVRAFYRGYLPNTLGIIPYAGIDLAVYEVDFDQYDGVIGFVNENNNHWKFVMARQIIQSFPAVPKQLNIDSQRQNIARLREKMAEEMLLASESKMDFCSQYGRKVPLALKIRAKDILWIFGVPVEAVGCVQRSGQDVATILHLVHNLIHEEEEKEDKPSQQMQNVGEQAHMALLGHSLAAYISVLDRERLRKLTTRILSDTTLWLCRLFRYENGSACFHEDDRAGLVRVCRLVINVRYEEFATEGYAVLSSKQPVIYQSSSCRPGLGQHLCSQLGLPLSSLCTVPCNTIFGSQHQMDVALLDKLIKEDIEAGKLPLLLIANAGTPGAGHTDKLGRLKELCDQYNMWLHVEGVNLATLALGQVTSAVMAATRSDSMTLTPGQWLGLPAVTAVTLYRHEDPALSLAAGLTSSQPVEKLRALPLWLSLQHLGHNGIVQKIKHATALSQQLLQKLKSMASIKTSVEDELNSPVVLFKFSQEMSAASSGGSVEGYCAGEKEVLDTFNRWLGEQLAQLVPTSGVDVVELEDEGTCVRFSPLLTAAVLGTQPEDVEELVERLSELVPVMSSTMCLRQDFREESHRHSASLRYVDDISWPGLGVVRYEPQAEGMDESRRKQVLEKINNELLRKLQDLDTDIIFSTGPEFGAAKYTIFVGMVTEDVDVSELVDTIAALGRDIEESGRLLENMTEVVRKGILEAELQLQKANEEKLIEEGMLRQIPLVGSVLNWFSPVESSIKGRTFNLAAERTDEAQRPLQVSKIQDKGQKKDLNQNKEKKRQLLLQKVIRDEANTQTAAIIPVWHSSPSQPAQEVLVYALLYSQSDTTFILTEVAEDLEANKEKDKLRLSTITSRTLSLPPVYTIENQRPTMDPRDTAPDSWEQEDDVEATIDTQLDPAFTALNVNAKPFVPNVNAAEFVPTFTMKTNSDNLDSSVAVEKIPTTEVSESIDPVENGNTEMTTEEPWDQKEAEPNEEEPGGGPDEDRGPAVSATMEEPAPEMMEEEEEMPVPKIPPTQPDAPKKEHINVVFIGHVDAGKSTIGGQIMYLTGMVDKRTLEKYEREAKEKNRETWYLSWALDTNQEERDKGKTVEVGRAYFETDKKHFTILDAPGHKSFVPNMIGGASQADLAVLVISARKGEFETGFEKGGQTREHAMLAKTAGVKHLIVLVNKMDDPTVHWSLERYEECKEKLVPFLKKVGFNPKKDIHFMPCSGLTGANLKEPTDMCSWYTGLPFIPHLDSLPHFNRSSDGPVRLPIVDKYKDMGTVVLGKLESGSISKAQQLVMMPNRHVVEVLSLLSDDVETDDAGPGENLKLRLKGIEEEEILPGFILCNAENLCHSGRTFDAQIVIIEHKSIICPGYNAVLHIHTCIEEVQITALICLVDKKSGEKSKTRPRFVKQDQVCIARLRTAGTICLETFKDFPQMGRFTLRDEGKTIAIGKVLKLVAERD
XFQCNQCGAS,8RQC_B,"Chain B, DNA-binding protein Ikaros",GPGERPFQCNQCGASFTQKGNLLRHIKLHSGEKPFK
FQCNQCGASFTQKGNLLRHIKLH,8RQC_B,"Chain B, DNA-binding protein Ikaros",GPGERPFQCNQCGASFTQKGNLLRHIKLHSGEKPFK
FVCSVCGHRFTTKGNLKVHFHRH,7BQU_B,"Chain B, Sal-like protein 4",GPLGSFVCSVCGHRFTTKGNLKVHFHRH
FQCKICGRAFSTKGNLKTHLGVK,KAL0594747.1,Sal-like protein 4 [Plecturocebus cupreus],MESAGLGQGWVPQGIRAGHRRDSRLCPLVFANLAPLPRLKCSGMISVHCNCCLLGSIQTGFHYVGLGGLELLNSSNPPNSASQSTGITVLLLLPRWECSGMISAHCSLLLLGSSDSPASASLMESHSVTQAGVQWCNLGSLQPPPPVFKRFFCLSLPSSWDKRRVPPCPANFCIFSRDGVSPCWSGRFRSPDLRQGLTVLLLSNSWPLKSGLKVLGRSLTLSPRLECSGVIPAHCSLRLLGSSDSRASASQVARITGAHQHAWLNVVFLAETRSHHVGQDGLELPTSGAPVNDDEASEDEATVKRLCREETHICEKCCAEFFGISEFLEHKKNCTKNPPVLIMNDSEGPVPSEDFSGAVLSQQSPSPSSKDGHRENGGSSGDMKEKPGAESVVYLKTETALPPTPQDISYLPKGKVANTNVTLQAIRGTKVAVNQRSADALPAPVPGANSIPWVLEQILCLQQQQLQQIQLTEQIRVQVNMWASHALHSSGAGAETLKTLSSHVSQQVSAAVALLSQKAGSQGLSLDALKQAKLPHANIPSATSSLSPGLAPFALKPDGTRVLPNVMSRLPSALLPQAPGSVLFQSPFSTMALDTSKKGKGKPPNVSAVEVKPKDEAVLYKHKCKYCSKVFGTDSSLQIHLRSHTGERPFVCSVCGHRFTTKGNLKVHFHRHPQVKANPQLFAEFQDKVTAGNGTPYALSVPDPIDESSLSLDSKPVLVTPSVGLPQNLSSGTNPKDLSGGPLPNDLQPGPSADSEGGLTLPGVGPDHHSPRAGGFQGSGTPEPGSETLKLQQLVENIDKATTDPNECLICHRVLSCQSSLKMHYRTHTGERPFQCKICGRAFSTKGNLKTHLGVHRTNTSIKTQHSCPICQKKFTNAVMLQQHIRMHMGGQIPNTPLPENPCDFTGPEPMTVGENGSTGTICHDDVIESIDVDEVGSQEAPGSSSKAPTPLHSIHSASPTLGFAMMASLDAPGKVGPAPFNLQRQGSRENGSVESDGLTNDSSSLMGDQEYQSRSPDILETTSFQALSPANSQAESIKSKSPDGGSKAESSESSRTEMEGRSSLPSTFIRAQPTYVKVEVPGTFVGPSTLSPGMAPLLAAQPRRQAKQHGCTRCGKNFSSASALQIHERTHTGEKPFVCNICGRAFTTKGNLKVHYMTHGANNNSARRGRKLAIENTMALLGTDGKRVSEMFPKDILAPSVNVDPAVWNQYTSMLNGGLAVKTNEISVIRSGGVPTLPVSLGASSVVSNATVSKVDGSQSGNSADVEKPGATDSVPKHQFPHFLEENKIAVEFRSVTQAGMQWPDLSSSQPPPPGSVGAPRVPMFSPHRLDAFLFPNPRRGGRLSGESQMEFHSCCPGWSAALRSLLITTSASQVQVIFLPQTRVAVITGICHHMQLANFVFLVETGFLYVGQAGLKLPTLGNPPASASQNTGITGGLTLSLRLQCSGVISAHCSVDLPGSSDPPASASQSAGNIGTILAHCNLRLPDSSDFPASASLLGITEMGFRCVGQAGLKLLTSSDLPTSASQRAGITDVSHHASPVFSSQIISEIFPWLQYSGMIIADCGLELPGSKLVLPCSPGWPQMIHWPWHPRVLGLQSLALSPRLECGGVGVISAHCNLHLPDSNNSASASQVAGTIGAKESETRSQKKKESKAVNADVEATASYPENLATITKQDQDSLLLEDPSRTYIARKEKTPCFKGQSDSLAANVAGDIKLKQCSFAILKILGPLRMMLFLLCPWNLALSLGLECNGTISFHCNLCLLGSKETEFHCVGHAALKLLISSDLPALASQSAGITGMSHCAWLSISVCHMIY
QCSVCGVELPDNEAVEQHRKLH,BAN09114.1,"zinc finger and BTB domain containing 16 protein, partial [Rattus norvegicus]",PSSVTSGLHVQPALVVSMDFSTYGGLLPQGFIQRELFSKLGELAVGMKAESRPLGEQCSVCGVELPDNEAVEQHRKLHSGMKTYGCELCGKRFLDSLRLRMHLLAHSAGAKAFVCDQCGAQFSKEDALETHRQTHTGTDMAVFCLLCGKRFQAQSALQQHMEVHAGVRSYICSECNRTFPSHTALKRHLRSHTGDHPYECEFCGSCFRDESTLKSHKCIHTGEKPYECNGCGKKF
VCDQCGAQFSKEDALETHRQTH,AAC32848.1,"promyelocytic leukemia zinc finger, partial [Homo sapiens]",GAKAFVCDQCGAQFSKEDALETHRQTHT
LQCEICGFTCRQKASLNWHMKKH,GCB78337.1,"hypothetical protein scyTo_0020663, partial [Scyliorhinus torazame]",QRDYICEYCARAFKSSHNLAVHRMIHTGEKPLQCEICGFTCRQKASLNWHMKKHDADANYQFSCNVCGKKFEKKDSVVAHKSKSHPELVIAEALAESTEVVLS
LQCEVCGFQCRQRASLKYHMTKH,KAF6080120.1,zinc finger protein 276 [Phyllostomus discolor],MRHSGAKPLQCEVCGFQCRQRASLKYHMTKHKAETELDFACDQCGRRFEKAHNLNVHMSMVHPLTQTQDKALPLEPPPGTTEGQAVKPEPT
YRCRACGRACSRLSTLIQHQKVH,XP_063525327.1,zinc finger protein 517 isoform X1 [Pongo pygmaeus],MDVRRLRSRGETERRERRRPAAPLGPGTDTRSGPEPLRRPPRHRGQKASRHERHRGARSSRSPRAAQRPFPGAGKEPEPESRAPCAPPRAVPAAQEFTVCSTCSSTEVPWDGDGTPEAWTPGCLTPTHITRWNLQAEDSLLVLWPNPSSLWAEEAVVFEDVAVYFTRIEWSCLAPDQQALYRDVMLENYGNLASLGFLVAKPALISLLEQGEEPGALILQGAEQSVAKASLCTDSRMEAGIMESALQRKLSTQAGLPGTVWGCLPPAPPHPHGGPEDGSDKPTHPRAREHSASPRVLQEDPSRPVGSSAPRYRCVCGKAFRYNSLLLRHQIIHTGAKPFQCTECGKAFKQSSILLRHQLIHTEEKPFQCGECGKAFRQSTQLAAHHRVHTRERPYACGECGKAFSRSSRLLQHQKFHTGEKPFACTECGKAFCRRFTLNEHGRIHSGERPYRCLRCGQRFIRGSSLLKHHRLHAQEGAQDGGAGQGALLRAAQRPQAGDPPHECPVCGRPFRHNSLLLLHLRLHTGEKPFECAECGKAFGRKSNLTLHQKIHTKEKPFACTECGKAFRRSYTLNEHYRLHSGERPYRCRACGRACSRLSTLIQHQKVHGRERREDTEGRRAPRWAS
YQCKVCGRAFKRVSHLTVHYRIH,XP_022440656.2,LOW QUALITY PROTEIN: uncharacterized protein LOC111180557 [Delphinapterus leucas],MSLGSDLFRDVAVVFSQEEWEQLVPAQRDLYRDVMLEIYSNLVSLGFAISKPDVISFLEQGREPWMVEKVATGGQCPVLESRYDTKVLSPKQHSYEVQSPQWQIMESLTSYGFECSSFRDDWECRSQFDRQEGNPDGHLSQMIIDNEEMSAFDQQASLTFYQKIHIGEKPYGYNECRKDFWQEDFLINHQGIHTNEKPYKCKECGKAFKYGSRLIQHENIHSGKKPYECKECGKAFNSGSNFIQHQRVHTGEKPYECKDCAKAFSRSSQLIEHQRIHTGEKPYQCKECGKAFNRISHLKVHYRIHTGEKPYACKECGKTFSHRSQLIQHHTIHTGKKLYECKECGKAFNQGSTLIRHQRIHTGEKPYECKSCGKAFRVNSQLKQHQRIHTGEKPYQCKVCGRAFKRVSHLTVHYRIHTGEKPYECKECGKAFSHCSQLIQHQVIHTEEKPYEYKECGRTLNHDSTTIQHQRMHNRETQVNLINVEKPSISTYPLLIIREFMLASNHMNGNNGKNQVSQWEKMEKFINKDPENPSFQDDWECEGTFETYHRNEEGRSSQVIITHEEIPALTQQTSHNLLHNIPPGSRPYVCNECRKGFWQKKCLLSHQKIHTGEKSYECQQCGKAFHRRSYLPQHQRTHSGERPYECTECGKAFGSVSLFTRHQRIHTGEKPYECKDCGKTFVRLSQLNVHHRTHTGEKPYQCTECGKAFSYLSLIIKHQRIHTGEKPYVCKECGKAFRGITQLNEHQRTHTGEKPYKCNECGKAFGHRSYLPQHQRIHTGKKPYKCKVCGKAFRQGSQLNHHQRIHTGEKPYKCNECGKAFRQGSQLKQHQIIHTGEKPYECKECGKAFSQCSQLTRHKKIHXPNVCKKCGKVVIGLESCHHQQLPSAFFLAEISTNWAQESQRNLCEKRPLELPKNTPLSVKPRPVPRPSSLTPPLIPPTWEIRRLRTLFPGVGSEVFRPSYVGSGSKEGWEEEREDRVFRLVILGVQRPHLFTLLFLPSALPFQDSAVPQEKSQEKEAKMTVEPVKAMPQDLVTFKDVAIDFSQEEWEWLNPAQRSLYRSMMLENYQSLVSVGLCISKPYVISLLEQGKEPWEMKSEMRRTPFPDWESVYETQELPLKQFVCDDVLMERIISYGLECPTFGEDWKCEDLFERQWLSQETFIRQETITHKETLTVEIDHKYNKSGKFVSLDNIEENIYNHKSDKKSFSKNSMVIKHKKVYVGKKLFKCNECEKTFTQSSSLTVHQRIHTGEKPYECKECGKAFNQSQHLAQHHRIHTGEKLFECKECRKAFSQNVHLIQHQRIHTGEKPYKCKECRKAFSQPAHLAQHQRIHTGEKPYKCKECGKAFSDGSSFARHQRCHTGKRPYVCIECGKAFRQNTSLIRHWRYYHTGEKPFDCIDCGKAFSDHIGLIQHRRIHTGEKPYTCNMCGKTFSYGSSLTVHQRIHTGEKPYECDICGKAFSHHASLTQHQRVHSGEKPYECRECGKAFRQSIHLASHLRIHTGEKPYKCKECGKAFSISSQLATHQRIHTGEKPYECKECGKAFKQRAHLAQHHKIHTREKPYECTECGKAFSQTTRLIQHQRVHTGEKPYKCTECGKAFSDSSSRSQHRRLHTGQRPYECVKCEKAYRTKSLLICHQRCHTGEKPYECSMCGKAFSHRQSLTVHQRIHSGEKPYQCKECRKTFSQIGHLNLHRRIHTGERSYECKECRKVFRQSAHLAHHQKIHAVESSRAPSSSSPSVSPSPVDMSAEYFWNSSTSFYSRCPSPKHCHFTWTIPIV
LQCEQCGYQCRQRASLNWHMKKH,XP_024920505.1,zinc finger protein 653-like [Cynoglossus semilaevis],MIIHSGVRDFICETCGKSFKRKNHLEVHRRTHTGETPLQCEICGYQCRQRASLNWHMKKHTSEAHYNFTCDFCDKRFEKLDSVKFHKLKSHPDKQTT
LQCEICGFTCRQKASLNWHQRKH,2D9H_A,"Chain A, Zinc finger protein 692",GSSGSSGLQCEICGFTCRQKASLNWHQRKHAETVAALRFPCEFCGKRFEKPDSVAAHRSKSHPALLLAPQESSGPSSG
FVCPRCGRGFSQPKSLARHLRLH,MXQ99433.1,hypothetical protein E5288_WYG021967 [Bos mutus],MFLDKQVIDKPLHKRGDKSWDERGSLHPTVKRGLQGREWGLNSRGPDMELREEAWSPGPLDSEDQQMASHENPVDILIMDDDDVPSWPPTKLGLKPFVCPRCGRGFSQPKSLARHLRLHPELSGPGVAAKVLAASVRRAKAPEEAAAADGEIAIPVGDGEGIIVVGQTLHRELKSQDVKGTRRRQRQTPTTELKWILRSHHQ
FQCPICGLVIKRKSYWKRHMVIH,PKU34894.1,zinc finger protein hypothetical protein [Limosa lapponica baueri],MIMQQKVDGTRQEEVEGELSEEERWFGNSSETPSEASYGEVQENFKLSLEDRIQEQSTSPDTSLGSATPSSNAAELGSIENETVRDTLQSKEHLSPDVSSLCEEEPPGPNKPLSSNLRRLLEAGSLKLDAAVTVNGRVESPVNLGSNLSFSPPAHHAQQLSVLARKLAEKQEQSDQYNASSHFIWNQASEEEGGKPFQCPICGLVIKRKSYWKRHMVIHTGLKSHQCPLCPFRCARKDNLKSHMKTDGTVTNSLMTVTCNIELGLK
CLSCDLCGCRLGEVGRR,KAJ0069257.1,"hypothetical protein NL108_003174, partial [Boleophthalmus pectinirostris]",EPVDEVLQMPPSLLTCGGCQQSIGDRFFLKAIEQYWHEDCLSCDLCGCRLGEVGRRLYYKLGRKLCRRDYL
SFDCKICGKSFKR,KAK2836002,hypothetical protein Q5P01_016486 [Channa striata],MASQVATPTSLQTTATSSSTSLSSPALSPSSPVQLSPDDVELLAKLEEQNRLLETDSKSLRSMNGSRRNSGSSLVSSSSASSNLSHLEEDSWILWGRIVNEWEEVRKKKDKQLKDLVRKGIPHHFRAIVWQLLCSAQNMPIKDQYSELLKMTSPCEKLIRRDIARTYPEHEFFKEKDSLGQEVLFNVMKAYSLVDREVGYCQGSAFIVGLLLMQMPEEEAFCVFVKLMQDYRLRELFKPSMAELGLCMYQFECMIQEQLPELHMHFQAQSFHTSMYASSWFLTIFLTSFPLPVATRIFDIFMCEGLEIVFRVGLAILQMNQTELIQLDMEGMLQHFQKVIPHQLDSGPDKVIQAAYQVKYNAKKMKKLEKEYTTIKTKEMEEQVEIKRLRTENRLLKQRIDTLEKESASLADRLIQGQVTRAQEAEENYLVKRELATVKQQSEETSAQLEQAKKTIRQLQQQQQPQAKGPPRYSEESVLQLERELVQARLKEAESQCALKEMQDKILDMEKRNTSLPDDTNVARLQEELIGVKLREAEALTGQKELRQQVRDLEEHWQRHLARTAGRWKDSPKKNTLSELQDELMSVRLREAEAQAELRETRHRMLELETQNQIHNNQLRRAEQESRCLQERAQTLTMQNKDLHVQLQEIKRRQAEIECKSKEEVMAVRLREADNIAAMAELQQQISELEIQKEEGKVQGQLNHTDSSQYIRDLKDQIAELKHEICCLKGQRALASQPTFDGIHIINHYVGDDSYQSSDEDGDKGPTLRSTQQSSRIRLHPNLRDTDSEEEEEEEELRLSVPQSSNHKSTTEVISRGFRAEPQLLIISCRKPHFKRASLFGNSELFTRSEMPRSFLVKSKKAHTYHQPRTLEDDFRRMDAILAHKCSDADKHAEDTDMRVDSYGLSPDSHLADAADYSPKSPLSCVDSLCDRSPDYEDFWRPPSPSASPVDSEKSLSPLVDETQTFTVPFRPYAWSSYTGPGLRPLVQQSLHPSMDVDRGPTTMSFYGDSSPHSALFTDRALGEETFSSYRRHAAAMLFPDGGLSGKTPSMKAQSDLLCSSLILNGAYKCVKCSKVFSTPHGLEVHVRRSHSGTRPFACDICGKTFGHAVSLEQHKAVHSQERSFDCKICGKSFKRSSTLSTHLLIHSDTRPYPCQFCGKRFHQKSDMKKHTFIHTGEKPHKCQQETPEEDLTPDDFQQVKNFASACLTEGNSEQLLKFIQDEKNQFVGFVLMEPLLNEVVKKEKSFEHCQAALKHLTGTCRPEKLLQSLLALVEDIHPGAISETITAVIPHLQTVLHRLDDRKAACLGLALSALQNQLSRLPVPYTQQQVDADQYGLSRCCTALVGFTRSFVDEVEWKDGNCVTTAKDEELKTELFKFCMRSLREPLLEAELNRHEKSSLLLFATEIMVILPSIQQPLSELLFFSSQKKNPHMNDYQFEESRACLAYLLFVQLITIESFPAVFNPVFVLQRNMKYINHLLSSKKETHLIKGLALYKKSLEGVLDNSLTLGLLELKSFYSVQQNLRQVLTDCPMQHLRQSGLLVFQLTINKLDVEAKHKFFRCMLKTSNHAGVESYIVKNIKNQIEFSMKMGNTNKWFVGVEFLSLLELVLCLPHGVETDLLSSMDRIMESLNLLRYLLVREKEVRSNLCMWEKMCKMKDDYLQILRVCISMSRAYYSAELKALKEDQKLKAKEARIATRSTTLVKSTSEKQKVPNMSPEVQNQVLQSALVTFDLMESLIFRIEEITEEKRKMPN
LTVYPCMICGKKFKSRG,ABW06608.1,"ZFX, partial [Cervus elaphus]",IIIGPDGHPLTVYPCMICGKKFKSRGFLKRHMKNHP
HICVECGKGF,AWQ27714,"zinc finger protein, partial [Neogale vison]",FPHICVECGKGFRHPSELKKHMRIHTGEK
NEGTGKSSWW,KAG7229113,"hypothetical protein INR49_013055, partial [Caranx melampygus]",MNMWSQRNVALSWLARLCILSLLIKLRFETKMAVRVPLSLKMSPSALLGLKCLFTEQYSSRKVIQSLTELCRRGYSVKTQQAVEESGGVSAAGFSGPLDHYTGLIRDGALREDEHQKAVLQKLDELHKTLKGYSNTPTSIFSKFFTKPKPPKGYYIFGDVGTGKTMVMDMFYSHVETEKKKRVHFHGFMLDVHKRIHRLKQSMPKRKAGKMAKSYDPIAPVAEEISEEACLLCFDEFQVTDIADAMILKQLFENLFLNGVVVVATSNRHPKVRRKYLYKNGLQRVNFVPFIAVLQPLGASDYLEMSRLFDTVFIRHIPLLTVNKKTQARRLITLMDALYDHKVRVVILAEHPLEDIFVHDGDHSHDEGHILMDDLGLKREEASSLSIFSGEEENSPSRGRCLGSQRCRLKSTGWKATEAESDIAINMAEAPRIGDEPPLNVEIDPDFEPQKRPRSCTWPLPRPESGAGKPGTNDTDVIPEEEDDEAGSSTGSGAAQKASCGAIKAREPSSSSSSGSISQPVEVQRGPCKEEAAADSSPSSAQTPAAALGGSASQQLRKSSARRNAWGNYSYADLITQAIESSPEKRLTLSQIYDWMVRSVPYFKDKGDSNSSAGWKNSIRHNLSLHSRFVKVQNEGTGKSSWWMVNPEGGKGGKAPRRRAVSMDNSKYIKGARGRATKKKASLQAAQDGSSESSSSLSKWTGSPTSRSSDELDAWTDFRSRTNSNASTLSGRLSPILANLELDEVPDDDSPLSPMLYSSPSSMSPSTGPTGLSDLAGTMNLNDGLSDNLMDDLLDNISLTASQQPPPGEEDNGANGQGSSVFTFSCSGSSLGSPSGSYGPNPLFSPPSITSLRQSPMQTIQENKQTTFSCISHFSDHQTLQDLLSLDSHSHSNVMLTQSDPLMSQASTAIALQNSRRNAMLLRKDHMLVNHTSAVQAQSSSVPGWQAGLSTSDNDASHPDTKQLHLKSPSKNTSMQLGSGLSGQERFPADLDLDVFNGSLECDMDSIIRNELMDADCLDLSFDSCLTSAQNANRNSGSFSSSKQTSPQSWRNCTAADLALQALWSSVPPPKDITFVRVEREHTLRRGLQVAEALPVQSQADVMQRELESCCGLEYTPESLPPLLHQFYTDRSYHLAQIKYLLMLRWRRFCRHTSVIEKLYPAYKDQVSYLAGEYEDAVQRARRLSASREKILTGRGNPANLLTQDDVLIYLRWLVCHLHSAQTIHNFLRVQKLYTIFPLVKEEIKNFSQLPQSRRKLHIRLDLMVWREFRIIFRQQEQMKTFPQYNGTDVKQSQWGRKSGSMALRKEANWIPFIQVKPSLDPWQQKLITKLKEKKCVDELLKMHSMFLQVPDLLHVAAVLKDLAAHVGDSSPTSTSSSHMRRMKRQQISEIWMSIYNAVSSPQASVSAQIGRNSVVAVLSTALTINMTFVLFGNIESLIHIQGRRRRQQCTESKRSKVTNQRKLLDLDNSLEEGASDPIVTRGAYLSLIYLRHLKLRELQRVCLGLLNYLRSVERMLTFDLAGLRMQEGELCSTAEETSWMNAARGGPGEAGEFMEFAEVENLHDFHSTEEHFIHTQDQRGFYIVYDAALKDLEKLENELLLVGSHFIQRYRTETKGKLNEALTADIHLWARTDVDRVAVLLDLWMCEMEFLESKVQLLNCYCEAYQHTAGAEERFALAQVITDIMHSRPQLDLNQDYFVQVYRAETDCLRSHQRLIKDILDNQIENQRQYLQCIWRDHGKGSAHEYGLPLNYVPKHLVSLGGSRQVNTEVSPALMNVFLLEVHPSLCLASAVFHGLVQAHKELCQLHQATSISDKLELQQKLLQQALQSWRSLASPGASYSPQIQKDLFSGVFFEDPVLVQNVGLTLVKSAEERDLKQGREKQLYAVETFSKLLELVTIRHRLLESASETTHLAQLYRDVASELGFNEFHLYLRPVQFEVTEQKVQTQQRPIFITAVLEDVDRFTPSHLPLSVQELDENQMAGSVSAQRRQLFMYLMNRQGVENLQVTLACQVAQKNALISAVNLACVCYWAESAASSTESKEAPRVNKDVKSTTRSDSKPGDDRENLQEKSNSLLSSGSRRTPTTSKERLMEAFVSIQLEKVGLRDEMLNSFMKKKQAMGGRIKTSEEAAKIKRSLIIDFLKKFNTQISEYCVRAQIVAYYHSLMSLLDGVPSIRQSLFTTQHTSQQQDAGGTDLCFDPSSSFRSGSQQLLSADGKTLQNLWVIPHFSEVLHMFKTLQVPACATALRHTLHITSALHDIIYYLISFSRLGNTENSCSWRRRQEAPGSVLAADWGGTEGIRAELQEIQRQVERLSDPSSPESVGQLLQLRRQVLLLQFDTSVRHLVREAFLSSADVASYKSVSDNMAAALPQLSDVIQTDVFTVTLPVPRPLETPSCQAQTMYPWRSFMACHGSFPLHVWDVPSIEYCMQLCLSGLSDSSRLQANAAVLGLSLLMEDVLNSGKDAEPLHLHDNKGDEICLEAEAEEENTCASDSTSSAQDPVRAQLVLKGFLLLTKQLQVFKESWARRRLGPEIFTRPSLYQQFVKLYRAEIFYPSMKALAQHMGKEREYELLVSGSQSLLPPPGASEVDVKAWQLHRLLESTECDMIKAVQRRINRELSVVLSERTRQDTGLPTELWKKAPLKHNVSMDRPQIVEKFMQQLMEGAEQAEGQLSISQTHLQQCVTQLGSSVMERERRGFLLHSHFYERILQQQMQLLYQREQATGLCRGMMLEISALQAQVAHLEEEKRSLEEELSLRFKERYDPLVRQLFSTCIQLKSRLEEYQQQMEQDVSVTVNRVRAEAVEKLMKLKKKYGCTKDDDDLTLTQLKREITSRTEALRVKMVAEDKVVFLQEELDAARQLLTCCQAECSRTKKLLSRKTEELQATRHQSAREARSRQELDSYRVQSLEQMRVDVEERERQLQELSEQLDRGGRMNQLQRQRSAKQIRQVKGQLHQERCLKQEAFEQVTRLQSQVNDMEAALSRCSHATGQSRTCYTLSGSRLSTTSPSAGLQQSTLQLGSLTHHNALQDFASEPRHRRADTARSRSNTRIDRPKAKQRVSAASVLSCSPRSALLRQPGGVQVGDGSCLDLKRLSLYVVAGDLLAGLTDGDGLAALAADVNGLAVLLAADLSDGQLLDRLVHHLQLLDGSWCDLEGLRRSEGESGVGRFCRLTLRGDDADLLLLTRDEINVVDVSRHHQLDLLVGAGRQLVLLKLQDVPHLL
AEAMNYEGSPIK,KAF4019764,hypothetical protein G4228_011407 [Cervus hanglu yarkandensis],MEDSMDMDMSSLRPQNYLFSCELKADRDYHFKVDNDENEHQLSLRTVSLGAGAKDELQIVEAEAMNYEGSPIKVTLATLKMSVQPGVSLGGFEITPPVVLRLKCGSGPVHISGQHLVAMEEDAESEDEILEKLCNILRTDSLAEVLQWLLHASSKGHTTGLSLNNDRLYKLTYSTEVFLDRGKGNLQDSVGYRISSNVDVVLLWRSPDGDDNQLIQITMKDVNVENVNQRRGEKSIFKGKKSSQIIRKENLEAMQRPVLLHLIHGKIKEFYSYQNEPAAIENLKRGLASLFQMQLSSGTTNEVDISGDCKVTYQAQQDKVTKIKALDSCKIERAGFTTPHQVLGVTSKATSVTTYKIEDSFVVAVLSEEIHALRLNFLQSIAGKIVSRQKLELKTTEAGLRLKPGKQVAAIIKAVDSKYTAIPIVGQVFQSKCKGCPSLSEHWQSIRKHLQPDNLSKAEAVRSFLAFIKHLRTAKKEEILQILKAENKEVLPQLVDAVTSAQTPDSLDAILDFLDFKSTESVILQERFLYACAFASHPNEELLRALISKFKGSFGSNDIRESVMIIIGALVRKLCQNEGCKLKGVIEAKKLILGGLEKAEKKEDIMMYLLALKNARLPEGIPLLLKYTEAGEGPISHLAATTLQRYDVPFITDEVKKTMNRIYHQNRKIHEKTVRTTAAAIILKNNPSYMEVKNILLSIGELPKEMNKYMLSIVQDILHFEMPASKMVRRVLKEMVAHNYDRFSKSGSSSAYTGYVERTSHSASTYSLDILYSGSGILRRSNLNIFQYIEKTPLHGIQVVIEAQGLEALIAATPDEGEENLDSYAGLSALLFDVQLRPVTFFNGYSDLMSKMLSASSDPMSVVKGLLLLIDHSQELQLQSGLKANMDVQGGLAIDITGAMEFSLWYRESKTRVKNRVSVLITGDITVDSSFVKAGLEIGAETEAGLEFISTVQFSQYPFLVCLQMDKEDVPYRASLLHPLFFLCKALLTSEKPFLTPVADAVLETTLQTHIGTLIVLKHPYPKKVEEPSIYESVRVHTAMQTGRTENDLVPTAPSLGTKEGYLTKQGGLVKSPEPIRILDLTECSAVQFDYSQERVNCFCLVFPFRTFYLCAKTGVEADEWIKILRWKLSQIRKQLDQGDGTVRSRSFIFQ
ASKQEKDGTEKR,ACG60415,"high mobility group protein 1A, partial [Canis lupus familiaris]",MSESSSKSSQPLASKQEKDGTEKRGRGRPRKQPPVS
FVGRSGRGKSFT,AAB29907,"AML1-EVI-1 fusion protein [Homo sapiens]",MRIPVDASTSRRFTPPSTALSPGKMSEALPLGAPDAGAALAGKLRSGDRSMVEVLADHPGELVRTDSPNFLCSVLPTHWRCNKTLPIAFKVVALGDVPDGTLVTVMAGNDENYSAELRNATAAMKNQVARFNDLRFVGRSGRGKSFTLTITVFTNPPQVATYHRAIKITVDGPREPRNNECVYGNYPEIPLEEMPDADGVASTPSLNIQEPCSPATSSEAFTPKEGSPYKAPIYIPDDIPIPAEFELRESNMPGAGLGIWTKRKIEVGEKFGPYVGEQRSNLKDPSYGWEILDEFYNVKFCIDASQPDVGSWLKYIRFAGCYDQHNLVACQINDQIFYRVVADIAPGEELLLFMKSEDYPHETMAPDIHEERQYRCEDCDQLFESKAELADHQKFPCSTPHSAFSMVEEDFQQKLESENDLQEIHTIQECKECDQVFPDLQSLEKHMLSHTEEREYKCDQCPKAFNWKSNLIRHQMSHDSGKHYECENCAKVFTDPSNLQRHIRSQHVGARAHACPECGKTFATSSGLKQHKHIHSSVKPFICEVCHKSYTQFSNLCRHKRMHADCRTQIKCKDCGQMFSTTSSLNKHRRFCEGKNHFAAGGFFGQGISLPGTPAMDKTSMVNMSHANPGLADYFGANRHPAGLTFPTAPGFSFSFPGLFPSGLYHRPPLIPASSPVKGLSSTEQTNKSQSPLMTHPQILPATQDILKALSKHPSVGDNKPVELQPERSSEERPFEKISDQSESSDLDDVSTPSGSDLETTSGSDLESDIESDKEKFKENGKMFKDKVSPLQNLASINNKKEYSNHSIFSPSLEEQTAVSGAVNDSIKAIASIAEKYFGSTGLVGLQDKKVGALPYPSMFPLPFFPAFSQSMYPFPDRDLRSLPLKMEPQSPGEVKKLQKGSSESPFDLTTKRKDEKPLTPVPSKPPVTPATSQDQPLDLSMGSRSRASGTKLTEPRKNHVFGGKKGSNVESRPASDGSLQHARPTPFFMDPIYRVEKRKLTDPLEALKEKYLRPSPGFLFHPQMSAIENMAEKLESFSALKPEASELLQSVPSMFNFRAPPNALPENLLRKGKERYTCRYCGKIFPRSANLTRHLRTHTGEQPYRCKYCDRSFSISSNLQRHVRNIHNKEKPFKCHLCDRCFGQQTNLDRHLKKHENGNMSGTATSSPHSELESTGAILDDKEDAYFTEIRNFIGNSNHGSQSPRNVEERMNGSHFKDEKALVTSQNSDLLDDEEVEDEVLLDEEDEDNDITGKTGKEPVTSNLHEGNPEDDYEETSALEMSCKTSPVRYKEEEYKSGLSALDHIRHFTDSLKMRKMEDNQYSEAELSSFSTSHVPEELKQPLHRKSKSQAYAMMLSLSDKESLHSTSHSSSNVWHSMARAAAESSAIQSISHV
SWFNVRNGYGF,KAG5214637,hypothetical protein JEQ12_000213 [Ovis aries],MVVSVLMAVEEADSLMMALVFTSAMGDTVICQQTEEVENYANHVCDLPEEKEAFSPSYEKENKQPRHKFKELQLKPERQTKEVEMYQEGLSTVALSSPGDQITHLIMERSTLLRKLELGNPKPEPQRCLSRNLQKGFPQEKPEQTHQPLQKDHQKHQEPVYQSKKSLSESHNEDPEKDKTPQNRRERDLEDVARKLEMAHGEIRRLTDELQGKEKVQSKLASAFEKAQLEIEKLKENLIKLKENDSVDLRKAKEHNQRLDEEILALRSRVRSLDSEKKVLGEEILKMSQEKIEIFESELSEETERKEQLTSNLNTEQRTLEVESEVLKLSQEFEQSNHFTIGKKTAAANLITNENTCKDLVPKVPILGVDIQSLKEEKEELCPELGENKQKEIPEKAVKEGTFPREGRKEEDSQQKQETRGEEQQLTLQPEEVMRLREELSLMNQSLLQSQSSEDTTEDSSAQYPSSGEKPKYQQQEEVQQLHQNLHRLQTLCSSAEKELRYERGKNLDLKQHNSLLQEESIKIKIELKQAQEKLLDSSKMCCSLTAEWKHCQQKIRELELEVLKQAQSIKSQNNLQEMLAQEKSKVADAEDKILDLQQKLEHAQKVNLTDTCILEKKQLEERIKEAIENEAKIKQQYQEEQQKRKLLDQNMNELQKQVKILQEKESLLEMTSSQQQIKLQQQKAQLKELENEKRKSDEHLKSNQELSKKLSVLQQEKEALCEQNEHLLKQFDLHVRNYHQKHQYYKVKLHAVKDRLVDEVELRDEKIKQLENEVGALRQQIEKEKAFQHQIATQNDTLLLEKRKLLEQVTEQELLIDSNKWRMSSVQNRVLFLDEENKQLQKNCLRLTQETGLLEHIIKSIQIHRGEEVGRMKIELFADVVPKTAENFRQFCTGEFRKDGVPIGYKGSTFHRVIKDFMIQGGDFVNGDGTGVASIYRGPFADENFKLRHSAPGLLSMANSGPSTNGCQFFITCSKCDWLDGKHVVFDQPVSCQSLAQGLAGIVRSVAGAESGPQRALSSPTAAAGLVTITPREEPQLPQPAPVTITATMSSEAETQQPPAAPPAAPALSAADTKPGTTGSGAGSGGPGGLTSAAPAGGDKKVIATKVLGTVKWFNVRNGYGFINRNDTKEDVFVHQTAIKKNNPRKYLRSVGDGETVEFDVVEGEKGAEAANVTGPGGVPVQGSKYAADRNHYRRYPRRRGPPRNYQQNYQNSESGEKNEGSESAPEGQAQQRRPYRRRRFPPYYMRRPYGRRPQYSNPPVQGEVMEGADNQGAGEQGRPVRQNLYRGYRPRFRRGPPRQRQPREDGNEEDKENQGDETQGQQPPQRRYRRNFNYRRRRPENPKPQDGKETKAADPPAENSSAPEAEQGGAE
KARDPHSGHFVA,ELV09228,"Arf-GAP with GTPase, ANK repeat and PH domain-containing protein 2 [Tupaia chinensis]",MATSRYEPVAEIGVGAYGTVYKARDPHSGHFVALKSVRVPNGGGAGGGLPISTVREVALLRRLEAFEHPNVVRLMDVCATSRTDREIKVTLVFEHVDQDLRTYLDKASPPGLPVETIKDLMRQFLRGLDFLHANCIVHRDLKPENILVTSGGTVKLADFGLARIYSYQMALTPVVVTLWYRAPEVLLQSTYATPVDMWSVGCIFAEMFRRKPLFCGNSEADQLSKIFDRRLKVAPPPPAPKPCKTVTTSGAKAGGGKGVGSRLSRPESEGKPRVKGSKSSAGTGASASVAAAAASTAAGGGGAAAATSGGVGAGAGARGKLSPRKGKSKTLDNSDLHPGPPAGSPPPLTIPTTPTPAAAVTTASAQPPGPAPPITLEPPAPGLKRGREGGRASTRDRKMLKFISGIFTKSTGGPPGSGPLPGPQGLSSGSGSRELLGAELRASPKAVVNSQEWTLSRSIPELRLGVLGDARSGKSSLIHRFLTGSYQVLEKTESEQYKKEMLVDGQTHLVLIREEAGAPDAKFSGWADAVIFVFSLEDENSFQAVSRLHGQLSSLRGEGRGGLALALVGTQDRISASSPRVVGDARARALCADMKRCSYYETCATYGLNVDRVFQEVAQKVVTLRKQQQLLAACKSLPSSPSHSAASTPVAGQNRRGSDSEKRSLDSRGETTGSGRAIPIKQSFLLKRSGNSLNKEWKKKYVTLSSNGFLLYHPSINDYIHSTHGKEMDLLRTTVKVPGKRPPRAISAFGPSASINGLVKDMSTVQMGEGPEATTPMPSPSPSPSSLQPPPEQTSKHLLKPDRNLARALSTEENFEFLIVSSTGQTWHFEAASFEERDAWVQAIESQILASLQCCESSKVKLRTDSQSEAVAIQAIRNAKGNSACVDCGAPNPTWASLNLGALICIECSGIHRNLGTHLSRVRSLDLDDWPRELTLVLTAIGNDTANSVWESDTRGRAKPTRDSSREERESWIRAKYEQLLFLAPLGTTEEPLGRQLWAAVQAQDVAAVLLLLAHARHGPLDTSVEDPQLRSPLHLAAELAHVVITQLLLWVRSLETELESLGHVVRVGGGRGARGHAAVSALQNGAEGGSAATTPSAATTPSITATPSPRRRSSAASVGRADAPVALV
RLLHEHKGKKAR,KAF7481336,RAF proto-oncogene serine/threonine-protein kinase [Marmota monax],MARKDSRGFALPPRFSDEKHLVLNTWDRPFCAWYRLPKCAPRMPHCPPGVHSGPRRLHAAIGPERTRQSWTLCCVHGRCGHPPEGLEMLADGPSSSPSRPQAPSTCSWRLPIASPEILKWRPRGHAPEAGPEFRPDRWIPERRVKSTARRGELAQKRRAEEHRAEGSLAGAARECLHRGRSGRHLRWRESEKNEREAGRPSRSLSFGPPKRPADRALGPQVGRCGVFPGPRPLGWGRVESAAGRRRSGPDAAVAAARTAGRRGGLAPSGSSVVYAASMEHIQGAWRTISNGFGLKDAVFDGSSCISPTIGQQFGYQRRASDDGKLTDSSKASSTIRVFLPNKQRTVVNVRNGMSLHDCLMKALKVRGLQPECCAVFRLLHEHKGKKARLDWNTDAASLIGEELQVDFLDHVPLTTHNFARKTFLKLAFCDICQKFLLNGFRCQTCGYKFHEHCSTKVPTMCVDWSNIRQLLLFPNSTIGESGAPALPSLTMRRMRESVSRIPVSSQHRYSTPHAFTFNTASPASEGSLSQRQRSTSTPNVHMVSTTLPVDSRMIEDAIRSHSESASPSAPSSSPNNLSPTGWSQPKTPVPAQRERAPGSGTQEKNKIRPRGQRDSSYYWEIEASEVMLSTRIGSGSFGTVYKGKWHGDVAVKILKVVDPTPEQFQAFRNEVAVLRKTRHVNILLFMGYMTKDNLAIVTQWCEGSSLYKHLHVQETKFQMFQLIDIARQTAQGMDYLHAKNIIHRDMKSNNIFLHEGLTVKIGDFGLATVKSRWSGSQQVEQPTGSVLWMAPEVIRMQDNNPFSFQSDVYSYGIVLYELMTGELPYSHINNRDQIIFMVGRGYASPDLSKLYKNCPKAMKRLVADCVKKVKEERPLFPQILSSIELLQHSLPKINRSASEPSLHRAAHTEDINACTLTTSPRLPVF
PYEPPEVGSDYT,XP_055161514,cellular tumor antigen p53 isoform X1 [Nyctereutes procyonoides],MRWWQHGLVQRQGPDWDLPSDLLAPGDTSQSAPGFGTIHLLTTVSPTSTHTPFPGAAMQEPQSELNIDPPLSQETFSELWNLLPENNVLSSELCPAVDELLLPESVVNWLDEDSDDAPRMPATSAPTAPGPAPSWPLSSFVPSPKTYPGTYGFRLGFLHSGTAKSVTWTYSPLLNKLFCQLAKTCPVQLWVSSPPPPNTCVRAMAIYKKSEFVTEVVRRCPHHERCSDSSDGLAPPQHLIRVEGNLRAKYLDDRNTFRHSVVVPYEPPEVGSDYTTIHYNYMCNSSCMGGMNRRPILTIITLEDSSGNVLGRNSFEVRVCACPGRDRRTEEENFHKKGEPCPEPPPGSTKRALPPSTSSSTPQKKKPLDGEYFTLQIRGRERYEMFRNLNEALELKDAQSGKEPGGSRAHSSHLKAKKGQSTSRHKKLMFKREGPDSD
VRVGGPQRMI,CAM4725359,unnamed protein product [Leuciscus chuanchicus],MKTEDVHHVSSLPPILDSYQSAQCPEKAASLSDRQKRRPQNPSRTGPMAMTSAYAVDSDQVLERKRKALLDQRHLETYYRIHHLKDMLSYQYATLLREKVQRQRQEMKPVDSDNTRLGEGHTKKKFVTIQRVTRSTLTHKDAYLRCLPKTYHYLVLELQKQLTRLGYLQSRREQEVFKVWAEQHRSTSQLEKQLQAIENSSNSSPDVTLKDMLKQKSGSLPKLQITPDDSTAQNEHMPVSLRRGGGGVNAFQQQGKQTWGQDETELMFPEVFTRELKVPKFFTLQSTFLEKVSSNLLFGRTHEPLIKSKTTDITHKMRLMHNLSLSHMADTQRIMATNGKWRLQCTDGFSIKELEMKHECSHNVQIRKTRCPAEPDPTIHQIDQSKPENSESLSERSNAHFSPSFQPAGKSTEESPSSCAGDPHLSYTDVPLCLSDIYTGHAVELCVNIYAFLYTRSEPMTGQNAHIKYLIGCISFSLGRILTEELAQFWKFIYLSCWSRLDRRMASGASDCPDKNIQYRVDHLLTAVENELQAGSEKGDPTERDLKVSLDENELWQKFKELTNEMIVTKNGRRMFPVLKVNVSGLDPNAMYSFLLDFVAADNHRWKYVNGEWVPGGKPEPQAPSCVYIHPDSPNFGAHWMKTSVSFSKVKLTNKLNGGGQIMLNSLHKYEPRIHIVRVGGPQRMITTHSFSETQFIAVTAYQNEEVTALKIKYNPFAKAFLDAKERSDHKDILEDVSESQQSGYSQFSSWFLPATGSLCPSANPHAQFGSPLSLSSPHGCERYSTLRSHRSTPYPSPYAHPTASPTGYSESSTCLSMLPSHDNWSSLQMSSHSGVLPMGHGSPPNSNSGQYTSLWSVGNSPLTPVSQAGSMASSLGSQFLRGSASHYSSLAHPVTAPSSGSQVYDSTAVTEVHEASQYDSSAHVRLPTAWTQVTPPSL
