Gene_ID,Protein_Sequence
hsa:355,MLGIWTLLPLVLTSVARLSSKSVNAQVTDINSKGLELRKTVTTVETQNLEGLHHDGQFCHKPCPPGERKARDCTVNGDEPDCVPCQEGKEYTDKAHFSSKCRRCRLCDEGHGLEVEINCTRTQNTKCRCKPNFFCNSTVCEHCDPCTKCEHGIIKECTLTSNTKCKEEGSRSNLGWLCLLLLPIPLIVWVKRKEVQKTCRKHRKENQGSHESPTLNPETVAINLSDVDLSKYITTIAGVMTLSQVKGFVRKNGVNEAKIDEIKNDNVQDTAEQKVQLLRNWHQLHGKKEAYDTLIKDLKKANLCTLAEKIQTIILKDITSDSENSNFRNEIQSLV
hsa:3569,MNSFSTSAFGPVAFSLGLLLVLPAAFPAPVPPGEDSKDVAAPHRQPLTSSERIDKQIRYILDGISALRKETCNKSNMCESSKEALAENNLNLPKMAEKDGCFQSGFNEETCLVKIITGLLEFEVYLEYLQNRFESSEEQARAVQMSTKVLIQFLQKKAKNLDAITTPDPTTNASLLTKLQAQNQWLQDMTTHLILRSFKEFLQSSLRALRQM
hsa:3576,MTSKLAVALLAAFLISAALCEGAVLPRSAKELRCQCIKTYSKPFHPKFIKELRVIESGPHCANTEIIVKLSDGRELCLDPKENWVQRVVEKFLKRAENS
hsa:3577,MSNITDPQMWDFDDLNFTGMPPADEDYSPCMLETETLNKYVVIIAYALVFLLSLLGNSLVMLVILYSRVGRSVTDVYLLNLALADLLFALTLPIWAASKVNGWIFGTFLCKVVSLLKEVNFYSGILLLACISVDRYLAIVHATRTLTQKRHLVKFVCLGCWGLSMNLSLPFFLFRQAYHPNNSSPVCYEVLGNDTAKWRMVLRILPHTFGFIVPLFVMLFCYGFTLRTLFKAHMGQKHRAMRVIFAVVLIFLLCWLPYNLVLLADTLMRTQVIQESCERRNNIGRALDATEILGFLHSCLNPIIYAFIGQNFRHGFLKILAMHGLVSKEFLARHRVTSYTSSSVNVSSNL
hsa:3578,MLLAMVLTSALLLCSVAGQGCPTLAGILDINFLINKMQEDPASKCHCSANVTSCLCLGIPSDNCTRPCFSERLSQMTNTTMQTRYPLIFSRVKKSVEVLKNNKCPYFSCEQPCNQTTAGNALTFLKSLLEIFQKEKMRGMRGKI
hsa:3581,MGLGRCIWEGWTLESEALRRDMGTWLLACICICTCVCLGVSVTGEGQGPRSRTFTCLTNNILRIDCHWSAPELGQGSSPWLLFTSNQAPGGTHKCILRGSECTVVLPPEAVLVPSDNFTITFHHCMSGREQVSLVDPEYLPRRHVKLDPPSDLQSNISSGHCILTWSISPALEPMTTLLSYELAFKKQEEAWEQAQHRDHIVGVTWLILEAFELDPGFIHEARLRVQMATLEDDVVEEERYTGQWSEWSQPVCFQAPQRQGPLIPPWGWPGNTLVAVSIFLLLTGPTYLLFKLSPRVKRIFYQNVPSPAMFFQPLYSVHNGNFQTWMGAHGAGVLLSQDCAGTPQGALEPCVQEATALLTCGPARPWKSVALEEEQEGPGTRLPGNLSSEDVLPAGCTEWRVQTLAYLPQEDWAPTSLTRPAPPDSEGSRSSSSSSSSNNNNYCALGCYGGWHLSALPGNTQSSGPIPALACGLSCDHQGLETQQGVAWVLAGHCQRPGLHEDLQGMLLPSVLSKARSWTF
hsa:3582,MGDAGGTVEAPAADGPGGLDGSRHVSSAFACCLMGILSGSAACAVCRLLRRQKIPSRLTARPPLVDFSLDLSFNIYTGWQPVYNITNLVTEVLDIRNLTGTMTMHRKTLEVTLHRLEVTLILYLVSFVFGCYVLGTVTAAWLKISGGSMKFYRLKPTSLRNLKGAFIQSVCFVVFYTLVILSWVSFWINMDARESWNNIPTVTFFMPIMWVLSGSICNACIQTTFFLPATLGYGYFPTDITYRLTLFKKTYAIYFVGAFVFSALIGTAIYNVAKARKPKKDKKKATVNSVSYFYHYNINISEDKISGEYVDRLGKNYKIDVNGHKYDGKNSRPDHSEEDRYYRENPSPELLSITICGTIFNLVYWATYLNREVPFVPVLGWNVIEGGVTVTVLTMTTLSISAVPVGIYNWALGDNMLQQAKRKERSGIFQNTLTNLFQEHSTSINVWVTYMAAVCLAMPFFLMPQKVIRKSAFKGSLTGVSRELFLSVTLTMTTFTLCFIGVSYIAEAFHEEYFYFVSIAACLASYLISLAVEFNPDLDKIKKKI
hsa:3583,MGDTGSVPALEAALAGPGGLDGSRLVSSAFACCLMGILSGSAACAVCRLLRRQKIPSRLTARPPLVDFSLDLSFNIYTGWQPVYNITNLVTEVLDIRNLTGTMTMHRKTLEVTLHRLEVTLILYLVSFVFGCYVLGTVTAAWLKISGGSMKFYRLKPTSLRNLKGAFIQSVCFVVFYTLVILSWVSFWINMDARESWNNIPTVTFFMPIMWVLSGSICNACIQTTFFLPATLGYGYFPTDITYRLTLFKKTYAIYFVGAFVFSALIGTAIYNVAKARKPKKDKKKATVNSVSYFYHYNINISEDKISGEYVDRLGKNYKIDVNGHKYDGSNSRPDHSEEDRYYRENPSPELLSITICGTIFNLVYWATYLNREVPFVPVLGWNVIEGGVTVTVLTMTTLSISAVPVGIYNWALGDNMLQQAKRKERSGIFQNTLTNLFQEHSTSINVWVTYMAAVCLAMPFFLMPQKVIRKSAFKGSLTGVSRELFLSVTLTMTTFTLCFIGVSYIAEAFHEEYFYFVSIAACLASYLISLAVEFNPDLDKIKKKI
hsa:3584,MGDAGGSVEAPAADGPGGLDGSRHVSSAFACCLMGILSGSAACAVCRLLRRQKIPSRLTARPPLVDFSLDLSFNIYTGWQPVYNITNLVTEVLDIRNLTGTMTMHRKTLEVTLHRLEVTLILYLVSFVFGCYVLGTVTAAWLKISGGSMKFYRLKPTSLRNLKGAFIQSVCFVVFYTLVILSWVSFWINMDARESWNNIPTVTFFMPIMWVLSGSICNACIQTTFFLPATLGYGYFPTDITYRLTLFKKTYAIYFVGAFVFSALIGTAIYNVAKARKPKKDKKKATVNSVSYFYHYNINISEDKISGEYVDRLGKNYKIDVNGHKYDGSNSRPDHSEEDRYYRENPSPELLSITICGTIFNLVYWATYLNREVPFVPVLGWNVIEGGVTVTVLTMTTLSISAVPVGIYNWALGDNMLQQAKRKERSGIFQNTLTNLFQEHSTSINVWVTYMAAVCLAMPFFLMPQKVIRKSAFKGSLTGVSRELFLSVTLTMTTFTLCFIGVSYIAEAFHEEYFYFVSIAACLASYLISLAVEFNPDLDKIKKKI
hsa:3585,MGDAGGSVEAPAADGPGGLDGSRHVSSAFACCLMGILSGSAACAVCRLLRRQKIPSRLTARPPLVDFSLDLSFNIYTGWQPVYNITNLVTEVLDIRNLTGTMTMHRKTLEVTLHRLEVTLILYLVSFVFGCYVLGTVTAAWLKISGGSMKFYRLKPTSLRNLKGAFIQSVCFVVFYTLVILSWVSFWINMDARESWNNIPTVTFFMPIMWVLSGSICNACIQTTFFLPATLGYGYFPTDITYRLTLFKKTYAIYFVGAFVFSALIGTAIYNVAKARKPKKDKKKATVNSVSYFYHYNINISEDKISGEYVDRLGKNYKIDVNGHKYDGSNSRPDHSEEDRYYRENPSPELLSITICGTIFNLVYWATYLNREVPFVPVLGWNVIEGGVTVTVLTMTTLSISAVPVGIYNWALGDNMLQQAKRKERSGIFQNTLTNLFQEHSTSINVWVTYMAAVCLAMPFFLMPQKVIRKSAFKGSLTGVSRELFLSVTLTMTTFTLCFIGVSYIAEAFHEEYFYFVSIAACLASYLISLAVEFNPDLDKIKKKI
hsa:3586,MHSSALLCCLVLLTGVRASPGQGTQSENSCTHFPGNLPNMLRDLRDAFSRVKTFFQMKDQLDNLLLKESLLEDFKGYLGCQALSEMIQFYLEEVMPQAENQDPDIKAHVNSLGENLKTLRLRLRRCHRFLPCENKSKAVEQVKNAFNKLQEKGIYKAMSEFDIFINYIEAYMTMKIRN
hsa:3587,MLPCLVVLLAALLSLRLGSDAHGTELPSPPSVWFEAEFFHHILHWTPIPNQSESTCYEVALLRYGIESWNSISNCSQTLSYDLTAVTLDLYHSNGYRARVRAVDGSRHSNWTVTNTRFSVDEVTLTVGSVNLEIHNGFILGKIQLPRPKMAPANDTYESIFSHFREYEIAIRKVPGNFTFTHKKVKHENFSLLTSGEVGEFCVQVKPSVASRSNKGMWSKEECISLTRQYFTVTNVIIFFAFVLLLSGALAYCLALQLYVRRRKKLPSVLLFKKPSPFIFISQRPSPETQDTIHPLDEEAFLKVSPELKNLDLHGSTDSGFGSTKPSLQTEEPQFLLPDPHPQADRTLGNREPPVLGDSCSSGSSNSTDSGICLQEPSLSPSTGPTWEQQVGSNSRGQDDSGIDLVQNSEGRAGDTQGGSALGHHSPPEPEVPGEEDPAAVAFQGYLRQTRCAEEKATKTGCLEEESPLTDGLGPKFGRCLVDEAGLHPPALAKGYLKQDPLEMTLASSGAPTGQWNQPTEEWSLLALSSCSDLGISDWSFAHDLAPLGCVAAPGGLLGSFNSDLVTLPLISSLQSSE
hsa:3588,MAWSLGSWLGGCLLVSALGMVPPPENVRMNSVNFKNILQWESPAFAKGNLTFTAQYLSYRIFQDKCMNTTLTECDFSSLSKYGDHTLRVRAEFADEHSDWVNITFCPVDDTIIGPPGMQVEVLADSLHMRFLAPKIENEYETWTMKNVYNSWTYNVQYWKNGTDEKFQITPQYDFEVLRNLEPWTTYCVQVRGFLPDRNKAGEWSEPVCEQTTHDETVPSWMVAVILMASVFMVCLALLGCFALLWCVYKKTKYAFSPRNSLPQHLKEFLGHPHHNTLLFFSFPLSDENDVFDKLSVIAEDSESGKQNPGDSCSLGTPPGQGPQS
hsa:3589,MNCVCRLVLVVLSLWPDTAVAPGPPPGPPRVSPDPRAELDSTVLLTRSLLADTRQLAAQLRDKFPADGDHNLDSLPTLAMSAGALGALQLPGVLTRLRADLLSYLRHVQWLRRAGGSSLKTLEPELGTLQARLDRLLRRLQLLMSRLALPQPPPDPPAPPLAPPSSAWGGIRAAHAILGGLHLTLDWAVRGLLLLKTRL
hsa:3590,MSSSCSGLSRVLVAVATALVSASSPCPQAWGPPGVQYGQPGRSVKLCCPGVTAGDPVSWFRDGEPKLLQGPDSGLGHELVLAQADSTDEGTYICQTLDGALGGTVTLQLGYPPARPVVSCQAADYENFSCTWSPSQISGLPTRYLTSYRKKTVLGADSQRRSPSTGPWPCPQDPLGAARCVVHGAEFWSQYRINVTEVNPLGASTRLLDVSLQSILRPDPPQGLRVESVPGYPRRLRASWTYPASWPCQPHFLLKFRLQYRPAQHPAWSTVEPAGLEEVITDAVAGLPHAVRVSARDFLDAGTWSTWSPEAWGTPSTGTIPKEIPAWGQLHTQPEVEPQVDSPAPPRPSLQPHPRLLDHRDSVEQVAVLASLGILSFLGLVAGALALGLWLRLRRGGKDGSPKPGFLASVIPVDRRPGAPNL
hsa:3591,MSYAGVYDGSVLLLEELEAPGPREVGSPGPGAGGDGDEGSVLSPAFACCLMGILSGSAVCAVCLLLRRKIPARSLSARPPLVDFSLDLTTYYTGRQPVYNITTLVTEVLDIRNLTGTVTSHRKTLEVTLHRLEVTLILYLVSFVFGCYVLGTVTAAWLKISGGSMKFYRLKPTSLRNLKGAFIQSVCFVVFYTLVILSWVSFWINMDARESWNNIPTVTFFMPIMWVLSGSICNACIQTTFFLPATLGYGYFPTDITYRLTLFKKTYAIYFVGAFVFSALIGTAIYNVAKARKPKKDKKKATVNSVSYFYHYNINISEDKISGEYVDRLGKNYKIDVNGHKYDGKNSRPDHSEEDRYYRENPSPELLSITICGTIFNLVYWATYLNREVPFVPVLGWNVIEGGVTVTVLTMTTLSISAVPVGIYNWALGDNMLQQAKRKERSGIFQNTLTNLFQEHSTSINVWVTYMAAVCLAMPFFLMPQKVIRKSAFKGSLTGVSRELFLSVTLTMTTFTLCFIGVSYIAEAFHEEYFYFVSIAACLASYLISLAVEFNPDLDKIKKKI
hsa:3592,MWPPGSASQPPPSPAAATGLHPAARPVSLQCRLSMCPARSLLLVATLVLLDHLSLARNLPVATPDPGMFPCLHHSQNLLRAVSNMLQKARQTLEFYPCTSEEIDHEDITKDKTSTVEACLPLELTKNESCLNSRETSFITNGSCLASRKTSFMMALCLSSIYEDLKMYQVEFKTMNAKLLMDPKRQIFLDQNMLAVIDELMQALNFNSETVPQKSSLEEPDFYKTKIKLCILLHAFRIRAVTIDRVMSYLNAS
hsa:3593,MCHQQLVISWFSLVFLASPLVAIWELKKDVYVVELDWYPDAPGEMVVLTCDTPEEDGITWTLDQSSEVLGSGKTLTIQVKEFGDAGQYTCHKGGEVLSHSLLLLHKKEDGIWSTDILKDQKEPKNKTFLRCEAKNYSGRFTCWWLTTISTDLTFSVKSSRGSSDPQGVTCGAATLSAERVRGDNKEYEYSVECQEDSACPAAEESLPIEVMVDAVHKLKYENYTSSFFIRDIIKPDPPKNLQLKPLKNSRQVEVSWEYPDTWSTPHSYFSLTFCVQVQGKSKREKKDRVFTDKTSATVICRKNASISVRAQDRYYSSSWSEWASVPCS
hsa:3594,MEPLVTWVVPLLFLFLLSRQGAACRTSECCFQDPPYPDADSGSASGPRDLRCYRISSDRYECSWQYEGPTAGVSHFLRCCLSSGRCCYFAAGSATRLQFSDQAGVSVLYTVTLWVESWARNQTEKSPEVTLQLYNSVKYEPPLGDIKVSKLAGQLRMEWETPDNQVGAEVQFRHRTPSSPWKLGDCGPQDDDTESCLCPLEMNVAQEFQLRRRQLGSQGSSWSKWSSPVCVPPENPPQPQVRFSVEQLGQDGRRRLTLKEQPTQLELPEGCQGLAPGTEVTYRLQLHMLSCPCKAKATRTLHLGKMPYLSGAAYNVAVISSNQFGPGLNQTWHIPADTHTEPVALNISVGTNGTTMYWPARAQSMTYCIEWQPVGQDGGLATCSLTAPQDPDPAGMATYSWSRESGAMGQEKCYYITIFASAHPEKLTLWSTVLSTYHFGGNASAAGTPHHVSVKNHSLDSVSVDWAPSLLSTCPGVLKEYVVRCRDEDSKQVSEHPVQPTETQVTLSGLRAGVAYTVQVRADTAWLRGVWSQPQRFSIEVQVSDWLIFFASLGSFLSILLVGVLGYLGLNRAARHLCPPLPTPCASSAIEFPGGKETWQWINPVDFQEEASLQEALVVEMSWDKGERTEPLEKTELPEGAPELALDTELSLEDGDRCKAKM
hsa:3595,MAHTFRGCSLAFMFIITWLLIKAKIDACKRGDVTVKPSHVILLGSTVNITCSLKPRQGCFHYSRRNKLILYKFDRRINFHHGHSLNSQVTGLPLGTTLFVCKLACINSDEIQICGAEIFVGVAPEQPQNLSCIQKGEQGTVACTWERGRDTHLYTEYTLQLSGPKNLTWQKQCKDIYCDYLDFGINLTPESPESNFTAKVTAVNSLGSSSSLPSTFTFLDIVRPLPPWDIRIKFQKASVSRCTLYWRDEGLVLLNRLRYRPSNSRLWNMVNVTKAKGRHDLLDLKPFTEYEFQISSKLHLYKGSWSDWSESLRAQTPEEEPTGMLDVWYMKRHIDYSRQQISLFWKNLSVSEARGKILHYQVTLQELTGGKAMTQNITGHTSWTTVIPRTGNWAVAVSAANSKGSSLPTRINIMNLCEAGLLAPRQVSANSEGMDNILVTWQPPRKDPSAVQEYVVEWRELHPGGDTQVPLNWLRSRPYNVSALISENIKSYICYEIRVYALSGDQGGCSSILGNSKHKAPLSGPHINAITEEKGSILISWNSIPVQEQMGCLLHYRIYWKERDSNSQPQLCEIPYRVSQNSHPINSLQPRVTYVLWMTALTAAGESSHGNEREFCLQGKANWMAFVAPSICIAIIMVGIFSTHYFQQKVFVLLAALRPQWCSREIPDPANSTCAKKYPIAEEKTQLPLDRLLIDWPTPEDPEPLVISEVLHQVTPVFRHPPCSNWPQREKGIQGHQASEKDMMHSASSPPPPRALQAESRQLVDLYKVLESRGSDPKPENPACPWTVLPAGDLPTHDGYLPSNIDDLPSHEAPLADSLEELEPQHISLSVFPSSSLHPLTFSCGDKLTLDQLKMRCDSLML
hsa:3596,MHPLLNPLLLALGLMALLLTTVIALTCLGGFASPGPVPPSTALRELIEELVNITQNQKAPLCNGSMVWSINLTAGMYCAALESLINVSGCSAIEKTQRMLSGFCPHKVSAGQFSSLHVRDTKIEVAQFVKDLLLHLKKLFREGQFN
hsa:3597,MEWPARLCGLWALLLCAGGGGGGGGAAPTETQPPVTNLSVSVENLCTVIWTWNPPEGASSNCSLWYFSHFGDKQDKKIAPETRRSIEVPLNERICLQVGSQCSTNESEKPSILVEKCISPPEGDPESAVTELQCIWHNLSYMKCSWLPGRNTSPDTNYTLYYWHRSLEKIHQCENIFREGQYFGCSFDLTKVKDSSFEQHSVQIMVKDNAGKIKPSFNIVPLTSRVKPDPPHIKNLSFHNDDLYVQWENPQNFISRCLFYEVEVNNSQTETHNVFYVQEAKCENPEFERNVENTSCFMVPGVLPDTLNTVRIRVKTNKLCYEDDKLWSNWSQEMSIGKKRNSTLYITMLLIVPVIVAGAIIVLLLYLKRLKIIIFPPIPDPGKIFKEMFGDQNDDTLHWKKYDIYEKQTKEETDSVVLIENLKKASQ
hsa:3598,MAFVCLAIGCLYTFLISTTFGCTSSSDTEIKVNPPQDFEIVDPGYLGYLYLQWQPPLSLDHFKECTVEYELKYRNIGSETWKTIITKNLHYKDGFDLNKGIEAKIHTLLPWQCTNGSEVQSSWAETTYWISPQGIPETKVQDMDCVYYNWQYLLCSWKPGIGVLLDTNYNLFYWYEGLDHALQCVDYIKADGQNIGCRFPYLEASDYKDFYICVNGSSENKPIRSSYFTFQLQNIVKPLPPVYLTFTRESSCEIKLKWSIPLGPIPARCFDYEIEIREDDTTLVTATVENETYTLKTTNETRQLCFVVRSKVNIYCSDDGIWSEWSDKQCWEGEDLSKKTLLRFWLPFGFILILVIFVTGLLLRKPNTYPKMIPEFFCDT
hsa:3599,MGAKGRGAQPGQKGDQGPGGAQGSPVGGKQDKKKKKKKPAPKDKAGGPGKKKSPGGLSGLGDSAPQQVNVQPYIQSGTEKKTTVFFAYAGCLVMVGVVCLLVMLFYHRRPAKKPEKEQAPKGTARPPLVDFSLNLFNYITTGQPVYTVSNLVTEVLDIRNLTGTMTMHRKTLEVTLHRLEMTLILYLVSFVFGCYVLGTVTAAWLKISGGSMKFYRLKPTSLRNLKGAFIQSVCFVVFYTLVILSWVSFWINMDARESWNNIPTVTFFMPIMWVLSGSICNACIQTTFFLPATLGYGYFPTDITYRLTLFKKTYAIYFVGAFVFSALIGTAIYNVAKARKPKKDKKKATVNSVSYFYHYNINISEDKISGEYVDRLGKNYKIDVNGHKYDGSNSRPDHSEEDRYYRENPSPELLSITICGTIFNLVYWATYLNREVPFVPVLGWNVIEGGVTVTVLTMTTLSISAVPVGIYNWALGDNMLQQAKRKERSGIFQNTLTNLFQEHSTSINVWVTYMAAVCLAMPFFLMPQKVIRKSAFKGSLTGVSRELFLSVTLTMTTFTLCFIGVSYIAEAFHEEYFYFVSIAACLASYLISLAVEFNPDLDKIKKKI
hsa:3600,MRISKPHLRSISIQCYLCLLLNSHFLTEAGIHVFILGCFSAGLPKTEANWVNVISDLKKIEDLIQSMHIDATLYTESDVHPSCKVTAMKCFLLELQVISLESGDASIHDTVENLIILANNSLSSNGNVTESGCKECEELEEKNIKEFLQSFVHIVQMFINTS
hsa:3601,MAPRRARGCRTLGLPALLLLLLLRPPATRGITCPPPMSVEHADIWVKSYSLYSRERYICNSGFKRKAGTSSLTECVLNKATNVAHWTTPSLKCIRDPALVHQRPAPPSTVTTAGVTPQPESLSPSGKEPAASSPSSNNTAATTAAIVPGSQLMPSKSPSTGTTEISSHESSHGTPSQTTAKNWELTASASHQPPGVYPQGHSDTTVAISTSTVLLCGLSAVSLLACYLKSRQTPPLASVEMEAMEALPVTWGTSSRDEDLENCSHHL
hsa:3602,MGDGGGQPVVPGKKEQPKPKPGGGPQGPGKQKKGGGPGGEKKAKTGPGLSGVGDSAAQQANVVPYIQSGTEKKPTVFFAYAGCLVMVGVVCLLVMLFYHRRPPKKKPKDEKPLRPPLVDFSLNLFNYITTGQPVYTVSNLVTEVLDIRNLTGTMTMHRKTLEVTLHRLEVTLILYLVSFVFGCYVLGTVTAAWLKISGGSMKFYRLKPTSLRNLKGAFIQSVCFVVFYTLVILSWVSFWINMDARESWNNIPTVTFFMPIMWVLSGSICNACIQTTFFLPATLGYGYFPTDITYRLTLFKKTYAIYFVGAFVFSALIGTAIYNVAKARKPKKDKKKATVNSVSYFYHYNINISEDKISGEYVDRLGKNYKIDVNGHKYDGSNSRPDHSEEDRYYRENPSPELLSITICGTIFNLVYWATYLNREVPFVPVLGWNVIEGGVTVTVLTMTTLSISAVPVGIYNWALGDNMLQQAKRKERSGIFQNTLTNLFQEHSTSINVWVTYMAAVCLAMPFFLMPQKVIRKSAFKGSLTGVSRELFLSVTLTMTTFTLCFIGVSYIAEAFHEEYFYFVSIAACLASYLISLAVEFNPDLDKIKKKI
hsa:3603,MESHSRAGKSRKSAKFRSISRSLMLCNAKTSDDGSSPDEKYPDPFEISLAQGKEGIFHSSVQLADTSEAGPSSVPDLALASEAAQLQAAGNDRGKTCRRIFFMKESSTASSREKPGKLEAQSSNFLFPKACHQRARSNSTSVNPYCTREIDFPMTKKSAAPTDRQPYSLCSNRKSLSQQLDCPAGKAAGTSRPTRSLSTAQLVQPSGGLQASVISNIVLMKGQAKGLGFSIVGGKDSIYGPIGIYVKTIFAGGAAAADGRLQEGDEILELNGESMAGLTHQDALQKFKQAKKGLLTLTVRTRLTAPPSLCSHLSPPLCRSLSSSTCITKDSSSFALESPSAPISTAKPNYRIMVEVSLQKEAGVGLGIGLCSVPYFQCISGIFVHTLSPGSVAHLDGRLRCGDEIVEISDSPVHCLTLNEVYTILSHCDPGPVPIIVSRHPDPQVSEQQLKEAVAQAVENTKFGKERHQWSLEGVKRLESSWHGRPTLEKEREKNSAPPHRRAQKVMIRSSSDSSYMSGSPGGSPGSGSAEKPSSDVDISTHSPSLPLAREPVVLSIASSRLPQESPPLPESRDSHPPLRLKKSFEILVRKPMSSKPKPPPRKYFKSDSDPQKSLEERENSSCSSGHTPPTCGQEARELLPLLLPQEDTAGRSPSASAGCPGPGIGPQTKSSTEGEPGWRRASPVTQTSPIKHPLLKRQARMDYSFDTTAEDPWVRISDCIKNLFSPIMSENHGHMPLQPNASLNEEEGTQGHPDGTPPKLDTANGTPKVYKSADSSTVKKGPPVAPKPAWFRQSLKGLRNRASDPRGLPDPALSTQPAPASREHLGSHIRASSSSSSIRQRISSFETFGSSQLPDKGAQRLSLQPSSGEAAKPLGKHEEGRFSGLLGRGAAPTLVPQQPEQVLSSGSPAASEARDPGVSESPPPGRQPNQKTLPPGPDPLLRLLSTQAEESQGPVLKMPSQRARSFPLTRSQSCETKLLDEKTSKLYSISSQVSSAVMKSLLCLPSSISCAQTPCIPKEGASPTSSSNEDSAANGSAETSALDTGFSLNLSELREYTEGLTEAKEDDDGDHSSLQSGQSVISLLSSEELKKLIEEVKVLDEATLKQLDGIHVTILHKEEGAGLGFSLAGGADLENKVITVHRVFPNGLASQEGTIQKGNEVLSINGKSLKGTTHHDALAILRQAREPRQAVIVTRKLTPEAMPDLNSSTDSAASASAASDVSVESTAEATVCTVTLEKMSAGLGFSLEGGKGSLHGDKPLTINRIFKGAASEQSETVQPGDEILQLGGTAMQGLTRFEAWNIIKALPDGPVTIVIRRKSLQSKETTAAGDS
hsa:3604,MGNSCYNIVATLLLVLNFERTRSLQDPCSNCPAGTFCDNNRNQICSPCPPNSFSSAGGQRTCDICRQCKGVFRTRKECSSTSNAECDCTPGFHCLGAGCSMCEQDCKQGQELTKKGCKDCCFGTFNDQKRGICRPWTNCSLDGKSVLVNGTKERDVVCGPSPADLSPGASSVTPPAPAREPGHSPQIISFFLALTSTALLFLLFFLTLRFSVVKRGRKKLLYIFKQPFMRPVQTTQEEDGCSCRFPEEEEGGCEL
hsa:3605,MTPGKTSLVSLLLLLSLEAIVKAGITIPRNPGCPNSEDKNFPRTVMVNLNIHNRNTNTNPKRSSDYYNRSTSPWNLHRNEDPERYPSVIWEAKCRHLGCINADGNVDYHMNSVPIQQEILVLRREPPHCPNSFRLEKILVSVGCTCVTPIVHHVA
hsa:3606,MAAEPVEDNCINFVAMKFIDNTLYFIAEDDENLESDYFGKLESKLSVIRNLNDQVLFIDQGNRPLFEDMTDSDCRDNAPRTIFIISMYKDSQPRGMAVTISVKCEKISTLSCENKIISFKEMNPPDNIKDTKSDIIFFQRSVPGHDNKMQFESSSYEGYFLACEKERDLFKLILKKEDELGDRSIMFTVQNED
hsa:3607,MAAAAAALSGAGTPPAGGGAGGGGAGGGGSPPGGWAVARLEGREFEYLMKKRSVTIGRNSSQGSVDVSMGHSSFISRRHLEIFTPPGGGGHGGAAPELPPAQPRPDAGGDFYLRCLGKNGVFVDGVFQRRGAPPLQLPRVCTFRFPSTNIKITFTALSSEKREKQEASESPVKAVQPHISPLTINIPDTMAHLISPLPSPTGTISAANSCPSSPRGAGSSGYKVGRVMPSDLNLMADNSQPENEKEASGGDSPKDDSKPPYSYAQLIVQAITMAPDKQLTLNGIYTHITKNYPYYRTADKGWQNSIRHNLSLNRYFIKVPRSQEEPGKGSFWRIDPASESKLIEQAFRKRRPRGVPCFRTPLGPLSSRSAPASPNHAGVLSAHSSGAQTPESLSREGSPAPLEPEPGAAQPKLAVIQEARFAQSAPGSPLSSQPVLITVQRQLPQAIKPVTYTVATPVTTSTSQPPVVQTVHVVHQIPAVSVTSVAGLAPANTYTVSGQAVVTPAAVLAPPKAEAQENGDHREVKVKVEPIPAIGHATLGTASRIIQTAQTTPVQTVTIVQQAPLGQHQLPIKTVTQNGTHVASVPTAVHGQVNNAAASPLHMLATHASASASLPTKRHNGDQPEQPELKRIKTEDGEGIVIALSVDTPPAAVREKGVQN
hsa:3608,MRGDRGRGRGGRFGSRGGPGGGFRPFVPHIPFDFYLCEMAFPRVKPAPDETSFSEALLKRNQDLAPNSAEQASILSLVTKINNVIDNLIVAPGTFEVQIEEVRQVGSYKKGTMTTGHNVADLVVILKILPTLEAVAALGNKVVESLRAQDPSEVLTMLTNETGFEISSSDATVKILITTVPPNLRKLDPELHLDIKVLQSALAAIRHARWFEENASQSTVKVLIRLLKDLRIRFPGFEPLTPWILDLLGHYAVMNNPTRQPLALNVAYRRCLQILAAGLFLPGSVGITDPCESGNFRVHTVMTLEQQDMVCYTAQTLVRILSHGGFRKILGQEGDASYLASEISTWDGVIVTPSEKAYEKPPEKKEGEEEEENTEEPPQGEEEESMETQE
hsa:3609,MRPMRIFVNDDRHVMAKHSSVYPTQEELEAVQNMVSHTERALKAVSDWIDEQEKGSSEQAESDNMDVPPEDDSKEGAGEQKTEHMTRTLRGVMRVGLVAKGLLLKGDLDLELVLLCKEKPTTALLDKVADNLAIQLAAVTEDKYEILQSVDDAAIVIKNTKEPPLSLTIHLTSPVVREEMEKVLAGETLSVNDPPDVLDRQKCLAALASLRHAKWFQARANGLKSCVIVIRVLRDLCTRVPTWGPLRGWPLELLCEKSIGTANRPMGAGEALRRVLECLASGIVMPDGSGIYDPCEKEATDAIGHLDRQQREDITQSAQHALRLAAFGQLHKVLGMDPLPSKMPKKPKNENPVDYTVQIPPSTTYAITPMKRPMEEDGEEKSPSKKKKKIQKKEEKAEPPQAMNALMRLNQLKPGLQYKLVSQTGPVHAPIFTMSVEVDGNSFEASGPSKKTAKLHVAVKVLQDMGLPTGAEGRDSSKGEDSAEETEAKPAVVAPAPVVEAVSTPSAAFPSDATAEQGPILTKHGKNPVMELNEKRRGLKYELISETGGSHDKRFVMEVEVDGQKFQGAGSNKKVAKAYAALAALEKLFPDTPLALDANKKKRAPVPVRGGPKFAAKPHNPGFGMGGPMHNEVPPPPNLRGRGRGGSIRGRGRGRGFGGANHGGYMNAGAGYGSYGYGGNSATAGYSQFYSNGGHSGNASGGGGGGGGGSSGYGSYYQGDNYNSPVPPKHAGKKQPHGGQQKPSYGSGYQSHQGQQQSYNQSPYSNYGPPQGKQKGYNHGQGSYSYSNSYNSPGGGGGSDYNYESKFNYSGSGGRSGGNSYGSGGASYNPGSHGGYGGGSGGGSSYQGKQGGYSQSNYNSPGSGQNYSGPPSSYQSSQGGYGRNADHSMNYQYR
hsa:3610,MGAKSRGAQPGQKGEQGPGGAQGSPVGGKQDKKKKKKKPAPKDKAGGPGKKKSPGGLSGLGDSAPQQVNVQPYIQSGTEKKTTVFFAYAGCLVMVGVVCLLVMLFYHRRPAKKPEKEQAPKGTARPPLVDFSLNLFNYITTGQPVYTVSNLVTEVLDIRNLTGTMTMHRKTLEVTLHRLEMTLILYLVSFVFGCYVLGTVTAAWLKISGGSMKFYRLKPTSLRNLKGAFIQSVCFVVFYTLVILSWVSFWINMDARESWNNIPTVTFFMPIMWVLSGSICNACIQTTFFLPATLGYGYFPTDITYRLTLFKKTYAIYFVGAFVFSALIGTAIYNVAKARKPKKDKKKATVNSVSYFYHYNINISEDKISGEYVDRLGKNYKIDVNGHKYDGSNSRPDHSEEDRYYRENPSPELLSITICGTIFNLVYWATYLNREVPFVPVLGWNVIEGGVTVTVLTMTTLSISAVPVGIYNWALGDNMLQQAKRKERSGIFQNTLTNLFQEHSTSINVWVTYMAAVCLAMPFFLMPQKVIRKSAFKGSLTGVSRELFLSVTLTMTTFTLCFIGVSYIAEAFHEEYFYFVSIAACLASYLISLAVEFNPDLDKIKKKI
hsa:3611,MDDIFTQCREGNAVAVRLWLDNTENDLNQGDDHGFSPLHWACREGRSAVVEMLIMRGARINVMNRGDDTPLHLAASHGHRDIVQKLLQYKADINAVNEHGNVPLHYACFWGQDQVAEDLVANGALVSICNKYGEMPVDKAKAPLRELLRERAEKMGQNLNRIPYKDTFWKGTTRTRPRNGTLNKHSGIDFKQLNFLTKLNENHSGELWKGRWQGNDIVVKVLKVRDWSTRKSRDFNEECPRLRIFSHPNVLPVLGACQSPPAPHPTLITHWMPYGSLYNVLHEGTNFVVDQSQAVKFALDMARGMAFLHTLEPLIPRHALNSRSVMIDEDMTARISMADVKFSFQCPGRMYAPAWVAPEALQKKPEDTNRRSADMWSFAVLLWELVTREVPFADLSNMEIGMKVALEGLRPTIPPGISPHVCKLMKICMNEDPAKRPKFDMIVPILEKMQDK
hsa:3612,MADPWQECMDYAVTLARQAGEVVCEAIKNEMNVMLKSSPVDLVTATDQKVEKMLISSIKEKYPSHSFIGEESVAAGEKSILTDNPTWIIDPIDGTTNFVHRFPFVAVSIGFAVNKKIEFGVVYSCVEGKMYTARKGKGAFCNGQKLQVSQQEDITKSLLVTELGSSRTPETVRMVLSNMEKLFCIPVHGIRSVGTAAVNMCLVATGGADAYYEMGIHCWDVAGAGIIVTEAGGVLMDVTGGPFDLMSRRVIAANNRILAERIAKEIQVIPLQRDDED
hsa:3613,MKPSGEDQAALAAGPWEECFQAAVQLALRAGQIIRKALTEEKRVSTKTSAADLVTETDHLVEDLIISELRERFPSHRFIAEEAAASGAKCVLTHSPTWIIDPIDGTCNFVHRFPTVAVSIGFAVRQELEFGVIYHCTEERLYTGRRGRGAFCNGQRLRVSGETDLSKALVLTEIGPKRDPATLKLFLSNMERLLHAKAHGVRVIGSSTLALCHLASGAADAYYQFGLHCWDLAAATVIIREAGGIVIDTSGGPLDLMACRVVAASTREMAMLIAQALQTINYGRDDEK
hsa:3614,MADYLISGGTGYVPEDGLTAQQLFASADGLTYNDFLILPGFIDFIADEVDLTSALTRKITLKTPLISSPMDTVTEADMAIAMALMGGIGFIHHNCTPEFQANEVRKVKKFEQGFITDPVVLSPSHTVGDVLEAKMRHGFSGIPITETGTMGSKLVGIVTSRDIDFLAEKDHTTLLSEVMTPRIELVVAPAGVTLKEANEILQRSKKGKLPIVNDCDELVAIIARTDLKKNRDYPLASKDSQKQLLCGAAVGTREDDKYRLDLLTQAGVDVIVLDSSQGNSVYQIAMVHYIKQKYPHLQVIGGNVVTAAQAKNLIDAGVDGLRVGMGCGSICITQEVMACGRPQGTAVYKVAEYARRFGVPIIADGGIQTVGHVVKALALGASTVMMGSLLAATTEAPGEYFFSDGVRLKKYRGMGSLDAMEKSSSSQKRYFSEGDKVKIAQGVSGSIQDKGSIQKFVPYLIAGIQHGCQDIGARSLSVLRSMMYSGELKFEKRTMSAQIEGGVHGLHSYEKRLY
hsa:3615,MADYLISGGTSYVPDDGLTAQQLFNCGDGLTYNDFLILPGYIDFTADQVDLTSALTKKITLKTPLVSSPMDTVTEAGMAIAMALTGGIGFIHHNCTPEFQANEVRKVKKYEQGFITDPVVLSPKDRVRDVFEAKARHGFCGIPITDTGRMGSRLVGIISSRDIDFLKEEEHDCFLEEIMTKREDLVVAPAGITLKEANEILQRSKKGKLPIVNEDDELVAIIARTDLKKNRDYPLASKDAKKQLLCGAAIGTHEDDKYRLDLLAQAGVDVVVLDSSQGNSIFQINMIKYIKDKYPNLQVIGGNVVTAAQAKNLIDAGVDALRVGMGSGSICITQEVLACGRPQATAVYKVSEYARRFGVPVIADGGIQNVGHIAKALALGASTVMMGSLLAATTEAPGEYFFSDGIRLKKYRGMGSLDAMDKHLSSQNRYFSEADKIKVAQGVSGAVQDKGSIHKFVPYLIAGIQHSCQDIGAKSLTQVRAMMYSGELKFEKRTSSAQVEGGVHSLHSYEKRLF
hsa:3616,MAAMKSVVFGVVLMLLLFLLAVMLPAVSRLNAQYFTDLGTLHLAVHLFTLIVFIYLTEMVGYQWMYPDPDWKSDTKTIPLRHLKTPEKATITVRRIVTILCYGVRMAISFFPTLIIWVYAIIREWLYTRREIEKTVFVVDQLLTTLRFPMTQLRTWFQPVGTVTKTIIDLRPLRMRLLRQPIINRMKLTFKPEKSPRKAPGTGLNQVDMYFRVYTLWLRYIPSATTDSTGYYGYSLVSLMKAYETFYLIWFVCFFITCLVGLNISLRAKFSAYIPDFVSLMLLGLFWMLSLGGIIHIDPIVKDAVTVEGEQVKFIKETQRQQDKKKPDTYVMLSSVFYTMYILTSPLFLSYLYSPNFFGEGVSRRTMRARLVFALVLVWLVTLMFLQAVFHLTVTVAFQDLKTKKRAKGYGVSPPGSAVPGSEASRAEKIKLHKSRKQLNSKKNKDKNNNQKTDNKKGRRLTTSASSAKKTVHWTESNMLTESPG
hsa:3617,MYLETRRAIFVFWIFLQVQGTKDISINIYHSETKDIDNPPRNETTESTEKMYKMSTMRRIFDLAKHRTKRSAFFPTGVKVCPQESMKQILDSLQAYYRLRVCQEAVWEAYRIFLDRIPDTGEYQDWVSICQQETFCLFDIGKNFSNSQEHLDLLQQRIKQRSFPDRKDEISAEKTLGEPGETIVISTDVANVSLGPFPLTPDDTLLNEILDNTLNDTKMPTTERETEFAVLEEQRVELSVSLVNQKFKAELADSQSPYYQELAGKSQLQMQKIFKKLPGFKKIHVLGFRPKKEKDGSSSTEMQLTAIFKRHSAEAKSPASDLLSFDSNKIESEEVYHGTMEEDKQPEIYLTATDLKRLISKALEEEQSLDVGTIQFTDEIAGSLPAFGPDTQSELPTSFAVITEDATLSPELPPVEPQLETVDGAEHGLPDTSWSPPAMASTSLSEAPPFFMASSIFSLTDQGTTDTMATDQTMLVPGLTIPTSDYSAISQLALGISHPPASSDDSRSSAGGEDMVRHLDEMDLSDTPAPSEVPELSEYVSVPDHFLEDTTPVSALQYITTSSMTIAPKGRELVVFFSLRVANMAFSNDLFNKSSLEYRALEQQFTQLLVPYLRSNLTGFKQLEILNFRNGSVIVNSKMKFAKSVPYNLTKAVHGVLEDFRSAAAQQLHLEIDSYSLNIEPADQADPCKFLACGEFAQCVKNERTEEAECRCKPGYDSQGSLDGLEPGLCGPGTKECEVLQGKGAPCRLPDHSENQAYKTSVKKFQNQQNNKVISKRNSELLTVEYEEFNHQDWEGN
hsa:3618,MAMSKSVVFGVVLMLLLFLLAVMLPAVSRLNAQYFTDLGTLHLAVHLFTLIVFIYLTEMVGYQWMYPDPDWKSDTKTIPLRHLKTPEKATITVRRIVTILCYGVRMAISFFPTLIIWVYAIIREWLYTRREIEKTVFVVDQLLTTLRFPMTQLRTWFQPVGTVTKTIIDLRPLRMRLLRQPIINRMKLTFKPEKSPRKAPGTGLNQVDMYFRVYTLWLRYIPSATTDSTGYYGYSLVSLMKAYETFYLIWFVCFFITCLVGLNISLRAKFSAYIPDFVSLMLLGLFWMLSLGGIIHIDPIVKDAVTVEGEQVKFIKETQRQQDKKKPDTYVMLSSVFYTMYILTSPLFLSYLYSPNFFGEGVSRRTMRARLVFALVLVWLVTLMFLQAVFHLTVTVAFQDLKTKKRAKGYGVSPPGSAVPGSEASRAEKIKLHKSRKQLNSKKNKDKNNNQKTDNKKGRRLTTSASSAKKTVHWTESNMLTESPG
hsa:3619,MGTTAPGPIHLLELCDQKLMEFLCNMDNKDLVWLEEIQEEAERMFTREFSKEPELMPKTPSQKNRRKKRRISYVQDENRDPIRRRLSRRKSRSSQLSSRRLRSKDSVEKLATVVGENGSVLRRVTRAAAAAAAATMALAAPSSPTPESPTMLTKKPEDNHTQCQLVPVVEIGISERQNAEQHVTQLMSTEPLPRTLSPTPASATAPTSQGIPTSDEESTPKKSKARILESITVSSLMATPQDPKGQGVGTGRSASKLRIAQVSPGPRDSPAFPDSPWRERVLAPILPDNFSTPTGSRTDSQSVRHSPIAPSSPSPQVLAQKYSLVAKQESVVRRASRRLAKKTAEEPAASGRIICHSYLERLLNVEVPQKVGSEQKEPPEEAEPVAAAEPEVPENNGNNSWPHNDTEIANSTPNPKPAASSPETPSAGQQEAKTDQADGPREPPQSARRKRSYKQAVSELDEEQHLEDEELQPPRSKTPSSPCPASKVVRPLRTFLHTVQRNQMLMTPTSAPRSVMKSFIKRNTPLRMDPKCSFVEKERQRLENLRRKEEAEQLRRQKVEEDKRRRLEEVKLKREERLRKVLQARERVEQMKEEKKKQIEQKFAQIDEKTEKAKEERLAEEKAKKKAAAKKMEEVEARRKQEEEARRLRWLQQEEEERRHQELLQKKKEEEQERLRKAAEAKRLAEQREQERREQERREQERREQERREQERREQERQLAEQERRREQERLQAERELQEREKALRLQKEQLQRELEEKKKKEEQQRLAERQLQEEQEKKAKEAAGASKALNVTVDVQSPACTSYQMTPQGHRAPPKINPDNYGMDLNSDDSTDDEAHPRKPIPTWARGTPLSQAIIHQYYHPPNLLELFGTILPLDLEDIFKKSKPRYHKRTSSAVWNSPPLQGARVPSSLAYSLKKH
hsa:3620,MAHAMENSWTISKEYHIDEEVGFALPNPQENLPDFYNDWMFIAKHLPDLIESGQLRERVEKLNMLSIDHLTDHKSQRLARLVLGCITMAYVWGKGHGDVRKVLPRNIAVPYCQLSKKLELPPILVYADCVLANWKKKDPNKPLTYENMDVLFSFRDGDCSKGFFLVSLLVEIAAASAIKVIPTVFKAMQMQERDTLLKALLEIASCLEKALQVFHQIHDHVNPKAFFSVLRIYLSGWKGNPQLSDGLVYEGFWEDPKEFAGGSAGQSSVFQCFDVLLGIQQTAGGGHAAQFLQDMRRYMPPAHRNFLCSLESNPSVREFVLSKGDAGLREAYDACVKALVSLRSYHLQIVTKYILIPASQQPKENKTSEDPSKLEAKGTGGTDLMNFLKTVRSTTEKSLLKEG
hsa:3621,MSFVECPYHSPAERLVAEADEGGPSAITGMGLCFRCLLFSFSGRSGVEGGRVDLNVFGSLGLQPWIGSSRCWGGPCSSALRCGWFSSWPPPSKSAIPIGGGSRGAGRVSRWPPPHWLEAWRVSPRPLSPLSPATFGRGFIAVAVIPGLWARGRGCSSDRLPRPAGPARRQFQAASLLTRGWGRAWPWKQILKELDECYERFSRETDGAQKRRMLHCVQRALIRSQELGDEKIQIVSQMVELVENRTRQVDSHVELFEAQQELGDTAGNSGKAGADRPKGEAAAQADKPNSKRSRRQRNNENRENASSNHDHDDGASGTPKEKKAKTSKKKKRSKAKAEREASPADLPIDPNEPTYCLCNQVSYGEMIGCDNDECPIEWFHFSCVGLNHKPKGKWYCPKCRGENEKTMDKALEKSKKERAYNR
hsa:3622,MLGQQQQQLYSSAALLTGERSRLLTCYVQDYLECVESLPHDMQRNVSVLRELDNKYQETLKEIDDVYEKYKKEDDLNQKKRLQQLLQRALINSQELGDEKIQIVTQMLELVENRARQMELHSQCFQDPAESERASDKAKMDSSQPERSSRRPRRQRTSESRDLCHMANGIEDCDDQPPKEKKSKSAKKKKRSKAKQEREASPVEFAIDPNEPTYCLCNQVSYGEMIGCDNEQCPIEWFHFSCVSLTYKPKGKWYCPKCRGDNEKTMDKSTEKTKKDRRSR
hsa:3623,MVLHLLLFLLLTPQGGHSCQGLELARELVLAKVRALFLDALGPPAVTREGGDPGVRRLPRRHALGGFTHRGSEPEEEEDVSQAILFPATDASCEDKSAARGLAQEAEEGLFRYMFRPSQHTRSRQVTSAQLWFHTGLDRQGTAASNSSEPLLGLLALSPGGPVAVPMSLGHAPPHWAVLHLATSALSLLTHPVLVLLLRCPLCTCSARPEATPFLVAHTRTRPPSGGERARRSTPLMSWPWSPSALRLLQRPPEEPAAHANCHRVALNISFQELGWERWIVYPPSFIFHYCHGGCGLHIPPNLSLPVPGAPPTPAQPYSLLPGAQPCCAALPGTMRPLHVRTTSDGGYSFKYETVPNLLTQHCACI
hsa:3624,MPLLWLRGFLLASCWIIVRSSPTPGSEGHSAAPDCPSCALAALPKDVPNSQPEMVEAVKKHILNMLHLKKRPDVTQPVPKAALLNAIRKLHVGKVGENGYVEIEDDIGRRAEMNELMEQTSEIITFAESGTARKTLHFEISKEGSDLSVVERAEVWLFLKVPKANRTRTKVTIRLFQQQKHPQGSLDTGEEAEEVGLKGERSELLLSEKVVDARKSTWHVFPVSSSIQRLLDQGKSSLDVRIACEQCQESGASLVLLGKKKKKEEEGEGKKKGGGEGGAGADEEKEQSHRPFLMLQARQSEDHPHRRRRRGLECDGKVNICCKKQFFVSFKDIGWNDWIIAPSGYHANYCEGECPSHIAGTSGSSLSFHSTVINHYRMRGHSPFANLKSCCVPTKLRPMSMLYYDDGQNIIKKDIQNMIVEECGCS
hsa:3625,MDGLPGRALGAACLLLLAAGWLGPEAWGSPTPPPTPAAPPPPPPPGSPGGSQDTCTSCGGFRRPEELGRVDGDFLEAVKRHILSRLQMRGRPNITHAVPKAAMVTALRKLHAGKVREDGRVEIPHLDGHASPGADGQERVSEIISFAETDGLASSRVRLYFFISNEGNQNLFVVQASLWLYLKLLPYVLEKGSRRKVRVKVYFQEQGHGDRWNMVEKRVDLKRSGWHTFPLTEAIQALFERGERRLNLDVQCDSCQELAVVPVFVDPGEESHRPFVVVQARLGDSRHRIRKRGLECDGRTNLCCRQQFFIDFRLIGWNDWIIAPTGYYGNYCEGSCPAYLAGVPGSASSFHTAVVNQYRMRGLNPGTVNSCCIPTKLSTMSMLYFDDEYNIVKRDVPNMIVEECGCA
hsa:3626,MTSSLLLAFLLLAPTTVATPRAGGQCPACGGPTLELESQRELLLDLAKRSILDKLHLTQRPTLNRPVSRAALRTALQHLHGVPQGALLEDNREQECEIISFAETGLSTINQTRLDFHFSSDRTAGDREVQQASLMFFVQLPSNTTWTLKVRVLVLGPHNTNLTLATQYLLEVDASGWHQLPLGPEAQAACSQGHLTLELVLEGQVAQSSVILGGAAHRPFVAARVRVGGKHQIHRRGIDCQGGSRMCCRQEFFVDFREIGWHDWIIQPEGYAMNFCIGQCPLHIAGMPGIAASFHTAVLNLLKANTAAGTTGGGSCCVPTARRPLSLLYYDRDSNIVKTDIPDMVVEACGCS
hsa:3627,MNQTAILICCLIFLTLSGIQGVPLSRTVRCTCISISNQPVNPRSLEKLEIIPASQFCPRVEIIATMKKKGEKRCLNPESKAIKNLLKAVSKERSKRSP
hsa:3628,MSDILRELLCVSEKAANIARACRQQEALFQLLIEEKKEGEKNKKFAVDFKTLADVLVQEVIKQNMENKFPGLEKNIFGEESNEFTNDWGEKITLRLCSTEEETAELLSKVLNGNKVASEALARVVHQDVAFTDPTLDSTEINVPQDILGIWVDPIDSTYQYIKGSADIKSNQGIFPCGLQCVTILIGVYDIQTGVPLMGVINQPFVSRDPNTLRWKGQCYWGLSYMGTNMHSLQLTISRRNGSETHTGNTGSEAAFSPSFSAVISTSEKETIKAALSRVCGDRIFGAAGAGYKSLCVVQGLVDIYIFSEDTTFKWDSCAAHAILRAMGGGIVDLKECLERNPETGLDLPQLVYHVENEGAAGVDRWANKGGLIAYRSRKRLETFLSLLVQNLAPAETHT
hsa:3629,MATTAAEVLQLPVVTGVAAGLLLGLVAVFGFVGAGRSCPVPMDRGFYGVRQAVPESYVNYVEFTRHLVRYERAHNSVITRSAAAMQYENEDGPMWPFKEDGVVKVKLLHRAELHRYHESKMSERDLRERLERVLDMAPDLSKYLVRPGVVVFSEGMSKQLSSIPFQNTYKVVVDGVVRGMPRVSLPDTSSTSPFNPVDVLVTPVEKVIKVVTSDVVDHINEEDEEDESKVDTDQYVFYADLQQVKPGYVVFLYDGDQVMICCDTTITTPFATGYKTVIVSRPVNQEVIGKDRLVLTFDVGKLEAQYVQAVNRYRGKLPITSEPLITGDTFQAPAHPTLPQMLVLQAAKYQMRGQYLKTLREKYISPVSKREYFRLVTLGTGEEICRYTLRWKPMRLQCLGSVPYWDQFTLVAARGRVMFPPVYGVFADGVAYGSSPEESVTAIPDIIIDYVLDNFSFPTVKDQKDWFALRQALDRKGFHFILYSFYKTDAEVKKCVTFIPSGPKRSLHHPEILLLEQVMPTFPEDDAASLSDDLLCDSPVRLSYVWSQQNVVLFQQDDKAGGEIRRRSMRLRSGHMLDWDLVKAIATPRTPPLSSYQYVDLVSSVEKEASEGGAEASDGVGAELRRRAKICGRLADDFAVKDRGYINMRVFRLHRLEELLDGCRQAFWRMTHGVAGVSSITILPAVVTWVAFIRKTKKGSVLHRNAQKLSLNTTQNTKAEYEKLREKREEKKAAAKSEHLTEELLRREEAAENQKDLLNEQAKKEMERLKREYERYRQEKVHLEREVLRLKLEKYHEAEERHRTMELKALQKYEEQAKLAEMKQHEVEVVQKAEKQMAEYFKREMERHQRQEAELRERERARQALMEQKRSMEQARALERVKQRITLQQNAEREMQKKLTLQAQLAGLDGQKVLPNTKSVGLDQNAEGKDNGVEQRMSLPEDAVFASPSPEPKKSVKHTRPVETKETTSHTNSPGKSPSESESPSPKRMRGRMEKLHHHMAGQPTGSSPGAHQQRLCLVLLVLGLLAVCVAFYAVTLALYTYGRRIEIDVELWES
hsa:3630,MALWMRLLPLLALLALWGPDPAAAFVNQHLCGSHLVEALYLVCGERGFFYTPKTRREAEDLQVGQVELGGGPGAGSLQPLALEGSLQKRGIVEQCCTSICSLYQLENYCN
hsa:3631,MTAREHSPRHGARARAMQRASTIDVAADMLGLSLAGNIQDPDEPILEFSLACSELHTPSLDRKPNSFVAVSVTTPPQAFWTKHAQTEIIEGTNNPIFLSSIAFFQDSLINQMTQVKLSVYDVKDRSQGTMYLLGSGTFIVKDLLQDRHHRLHLTLRSAESDRVGNITVIGWQMEEKSDQRPPVTRSVDTVNGRMVLPVDESLTEALGIRSKYASLRKDTLLKSVFGGAICRMYRFPTTDGNHLRILEQMAESVLSLHVPRQFVKLLLEEDAARVCELEELGELSPCWESLRRQIVTQYQTIILTYQENLTDLHQYRGPSFKASSLKADKKLEFVPTNLHIQRMRVQDDGGSDQNYDIVTIGAPAAHCQGFKSGGLRKKLHKFEETKKHFEECCTSSGCQSIIYIPQDVVRAKEIIAQINTLKTQVSYYAERLSRAAKDRSATGLERTLAILADKTRQLVTVCDCKLLANSIHGLNAARPDYIASKASPTSTEEEQVMLRNDQDTLMARWTGRNSRSSLQVDWHEEEWEKVWLNVDKSLECIIQRVDKLLQKERLHGEGCEDVFPCAGSCTSKKGNPDSHAYWIRPEDPFCDVPSSPCPSTMPSTACHPHLTTHCSPPPEESSPGEWSEALYPLLTTLTDCVAMMSDKAKKAMVFLLMQDSAPTIATYLSLQYRRDVVFCQTLTALICGFIIKLRNCLHDDGFLRQLYTIGLLAQFESLLSTYGEELAMLEDMSLGIMDLRNVTFKVTQATSSASADMLPVITGNRDGFNVRVPLPGPLFDALPREIQSGMLLRVQPVLFNVGINEQQTLAERFGDTSLQEVINVESLVRLNSYFEQFKEVLPEDCLPRSRSQTCLPELLRFLGQNVHARKNKNVDILWQAAEICRRLNGVRFTSCKSAKDRTAMSVTLEQCLILQHEHGMAPQVFTQALECMRSEGCRRENTMKNVGSRKYAFNSLQLKAFPKHYRPPEGTYGKVET
hsa:3632,MAGKAAAPGTAVLLVTANVGSLFDDPENLQKNWLREFYQVVHTHKPHFMALHCQEFGGKNYEASMSHVDKFVKELLSSDAMKEYNRARVYLDENYKSQEHFTALGSFYFLHESLKNIYQFDFKAKKYRKVAGKEIYSDTLESTPMLEKEKFPQDYFPECKWSRKGFIRTRWCIADCAFDLVNIHLFHDASNLVAWETSPSVYSGIRHKALGYVLDRIIDQRFEKVSYFVFGDFNFRLDSKSVVETLCTKATMQTVRAADTNEVVKLIFRESDNDRKVMLQLEKKLFDYFNQEVFRDNNGTALLEFDKELSVFKDRLYELDISFPPSYPYSEDARQGEQYMNTRCPAWCDRILMSPSAKELVLRSESEEKVVTYDHIGPNVCMGDHKPVFLAFRIMPGAGKPHAHVHKCCVVQ
hsa:3633,MDQSVAIQETLAEGEYCVIAVQGVLCEGDSRQSRLLGLVRYRLEHGGQEHALFLYTHRRMAITGDDVSLDQIVPVSRDFTLEEVSPDGELYILGSDVTVQLDTAELSLVFQLPFGSQTRMFLHEVARACPGFDSATRDPEFLWLSRYRCAELELEMPTPRGCNSALVTWPGYATIGGGGSNFDGLRPNGKGVPMDQSSRGQDKPESLQPRQNKSKSEITDMVRSSTITVSDKAHILSMQKFGLRDTIVKSHLLQKEEDYTYIQNFRFFAGTYNVNGQSPKECLRLWLSNGIQAPDVYCVGFQELDLSKEAFFFHDTPKEEEWFKAVSEGLHPDAKYAKVKLIRLVGIMLLLYVKQEHAAYISEVEAETVGTGIMGRMGNKGGVAIRFQFHNTSICVVNSHLAAHIEEYERRNQDYKDICSRMQFCQPDPSLPPLTISNHDVILWLGDLNYRIEELDVEKVKKLIEEKDFQMLYAYDQLKIQVAAKTVFEGFTEGELTFQPTYKYDTGSDDWDTSEKCRAPAWCDRILWKGKNITQLSYQSHMALKTSDHKPVSSVFDIGVRVVNDELYRKTLEEIVRSLDKMENANIPSVSLSKREFCFQNVKYMQLKVESFTIHNGQVPCHFEFINKPDEESYCKQWLNANPSRGFLLPDSDVEIDLELFVNKMTATKLNSGEDKIEDILVLHLDRGKDYFLSVSGNYLPSCFGSPIHTLCYMREPILDLPLETISELTLMPVWTGDDGSQLDSPMEIPKELWMMVDYLYRNAVQQEDLFQQPGLRSEFEHIRDCLDTGMIDNLSASNHSVAEALLLFLESLPEPVICYSTYHNCLECSGNYTASKQVISTLPIFHKNVFHYLMAFLRELLKNSAKNHLDENILASIFGSLLLRNPAGHQKLDMTEKKKAQEFIHQFLCNPL
hsa:3634,MWPLPCWLPLLLVALPGLPAGPRAPGGHSRARAGAGLRPSLVVADGPALDLAESHVSSSPVPPPPPPPPVPGGFQGEALRPGPKVAPVQCVADPGGPREPLGSKQPSQREAPLEPEAEGLAASADSGVEGPGAGAGGRAALAGLCRPPGPEQKQKRVLVLYGGPQGPRFLKHLFQGADVDTGTVPPNSPNAIQEESKDGLRYDFVLSNDAFQIDMDYLTSQTLQQESPTLSQQYQPLLYLAKHGREKILCFEGRKPMWNLTSGYSPLRPGRGRGAIWSLVAEAGDLVFPLEGVFLDGPDLIPPEPDKFGYPSVFGKAGGGRVLELAFEGHRFVLAPLRWAVRPLTRFHGTVSPGRFFQRWTSVSWIEGRVSLTPLGPDHPLDLGWGNKNRVIQLELEVVVFSNVVVKYYDGREPFKLNIKDLDKSANHMSLGSTLSSQVTYSGIRYLNQKVPQVAPVSSAVLKVTIGPGNLPTRREKSIKGAQVLKLQEMVRAVRQHFFRLRNDFHTEHFNLSSGNGNKLAQLVLEKFKRLPADLVIQGGAQDLELLTGTATTSQWTGTLKPKEFLSVDESRKLELAGKQKFEKVTSLVRDVEKAFSEPRLKTAVTLDNIVGYPSKRGLIDQQLKQALKAKDLPAVPHSFEYLDHDAELQAHLIKRKQKQMESHRALQHHYMRLCESRPVQEPKGTGEEEEKPRPRRISESPGRRKTTGGVVAGFCLPFLGAYGLAAILFLLLVACVRRRVLREAEQRADSGSV
hsa:3635,MVPCWNHGNITRSKAEELLSRTGKDGSFLVRASESISRAYALCVLYRNCVYTYRILPNEDDKFTVQASEGVSMRFFTKLDQLIEFYKKENMGLVTHLQYPVPLEEEDTGDDPEEDTVESVVSPPELPPRNIPLTASSCEAKEVPFSNENPRATETSRPSLSETLFQRLQSMDTSGLPEEHLKAIQDYLSTQLAQDSEFVKTGSSSLPHLKKLTTLLCKELYGEVIRTLPSLESLQRLFDQQLSPGLRPRPQVPGEANPINMVSKLSQLTSLLSSIEDKVKALLHEGPESPHRPSLIPPVTFEVKAESLGIPQKMQLKVDVESGKLIIKKSKDGSEDKFYSHKKILQLIKSQKFLNKLVILVETEKEKILRKEYVFADSKKREGFCQLLQQMKNKHSEQPEPDMITIFIGTWNMGNAPPPKKITSWFLSKGQGKTRDDSADYIPHDIYVIGTQEDPLSEKEWLEILKHSLQEITSVTFKTVAIHTLWNIRIVVLAKPEHENRISHICTDNVKTGIANTLGNKGAVGVSFMFNGTSLGFVNSHLTSGSEKKLRRNQNYMNILRFLALGDKKLSPFNITHRFTHLFWFGDLNYRVDLPTWEAETIIQKIKQQQYADLLSHDQLLTERREQKVFLHFEEEEITFAPTYRFERLTRDKYAYTKQKATGMKYNLPSWCDRVLWKSYPLVHVVCQSYGSTSDIMTSDHSPVFATFEAGVTSQFVSKNGPGTVDSQGQIEFLRCYATLKTKSQTKFYLEFHSSCLESFVKSQEGENEEGSEGELVVKFGETLPKLKPIISDPEYLLDQHILISIKSSDSDESYGEGCIALRLEATETQLPIYTPLTHHGELTGHFQGEIKLQTSQGKTREKLYDFVKTERDESSGPKTLKSLTSHDPMKQWEVTSRAPPCSGSSITEIINPNYMGVGPFGPPMPLHVKQTLSPDQQPTAWSYDQPPKDSPLGPCRGESPPTPPGQPPISPKKFLPSTANRGLPPRTQESRPSDLGKNAGDTLPQEDLPLTKPEMFENPLYGSLSSFPKPAPRKDQESPKMPRKEPPPCPEPGILSPSIVLTKAQEADRGEGPGKQVPAPRLRSFTCSSSAEGRAAGGDKSQGKPKTPVSSQAPVPAKRPIKPSRSEINQQTPPTPTPRPPLPVKSPAVLHLQHSKGRDYRDNTELPHHGKHRPEEGPPGPLGRTAMQ
hsa:3636,MASACGAPGPGGALGSQAPSWYHRDLSRAAAEELLARAGRDGSFLVRDSESVAGAFALCVLYQKHVHTYRILPDGEDFLAVQTSQGVPVRRFQTLGELIGLYAQPNQGLVCALLLPVEGEREPDPPDDRDASDGEDEKPPLPPRSGSTSISAPTGPSSPLPAPETPTAPAAESAPNGLSTVSHDYLKGSYGLDLEAVRGGASHLPHLTRTLATSCRRLHSEVDKVLSGLEILSKVFDQQSSPMVTRLLQQQNLPQTGEQELESLVLKLSVLKDFLSGIQKKALKALQDMSSTAPPAPQPSTRKAKTIPVQAFEVKLDVTLGDLTKIGKSQKFTLSVDVEGGRLVLLRRQRDSQEDWTTFTHDRIRQLIKSQRVQNKLGVVFEKEKDRTQRKDFIFVSARKREAFCQLLQLMKNKHSKQDEPDMISVFIGTWNMGSVPPPKNVTSWFTSKGLGKTLDEVTVTIPHDIYVFGTQENSVGDREWLDLLRGGLKELTDLDYRPIAMQSLWNIKVAVLVKPEHENRISHVSTSSVKTGIANTLGNKGAVGVSFMFNGTSFGFVNCHLTSGNEKTARRNQNYLDILRLLSLGDRQLNAFDISLRFTHLFWFGDLNYRLDMDIQEILNYISRKEFEPLLRVDQLNLEREKHKVFLRFSEEEISFPPTYRYERGSRDTYAWHKQKPTGVRTNVPSWCDRILWKSYPETHIICNSYGCTDDIVTSDHSPVFGTFEVGVTSQFISKKGLSKTSDQAYIEFESIEAIVKTASRTKFFIEFYSTCLEEYKKSFENDAQSSDNINFLKVQWSSRQLPTLKPILADIEYLQDQHLLLTVKSMDGYESYGECVVALKSMIGSTAQQFLTFLSHRGEETGNIRGSMKVRVPTERLGTRERLYEWISIDKDEAGAKSKAPSVSRGSQEPRSGSRKPAFTEASCPLSRLFEEPEKPPPTGRPPAPPRAAPREEPLTPRLKPEGAPEPEGVAAPPPKNSFNNPAYYVLEGVPHQLLPPEPPSPARAPVPSATKNKVAITVPAPQLGHHRHPRVGEGSSSDEESGGTLPPPDFPPPPLPDSAIFLPPSLDPLPGPVVRGRGGAEARGPPPPKAHPRPPLPPGPSPASTFLGEVASGDDRSCSVLQMAKTLSEVDYAPAGPARSALLPGPLELQPPRGLPSDYGRPLSFPPPRIRESIQEDLAEEAPCLQGGRASGLGEAGMSAWLRAIGLERYEEGLVHNGWDDLEFLSDITEEDLEEAGVQDPAHKRLLLDTLQLSK
hsa:3637,MAAAGAGEPGGSLAVASGDGGGGGARGVRDPAKDKKKKKKKSPGGLSGAGDSVPEQQAQPYIQSGTEKKTTVFFAYAGCLVMVGVVCLLVMLFYHRRPAKKPEKEQAPKGTARPPLVDFSLNLFNYITTGQPVYTVSNLVTEVLDIRNLTGTMTMHRKTLEVTLHRLEMTLILYLVSFVFGCYVLGTVTAAWLKISGGSMKFYRLKPTSLRNLKGAFIQSVCFVVFYTLVILSWVSFWINMDARESWNNIPTVTFFMPIMWVLSGSICNACIQTTFFLPATLGYGYFPTDITYRLTLFKKTYAIYFVGAFVFSALIGTAIYNVAKARKPKKDKKKATVNSVSYFYHYNINISEDKISGEYVDRLGKNYKIDVNGHKYDGSNSRPDHSEEDRYYRENPSPELLSITICGTIFNLVYWATYLNREVPFVPVLGWNVIEGGVTVTVLTMTTLSISAVPVGIYNWALGDNMLQQAKRKERSGIFQNTLTNLFQEHSTSINVWVTYMAAVCLAMPFFLMPQKVIRKSAFKGSLTGVSRELFLSVTLTMTTFTLCFIGVSYIAEAFHEEYFYFVSIAACLASYLISLAVEFNPDLDKIKKKI
